-- MySQL dump 10.11
--
-- Host: localhost    Database: broncodashboard_production
-- ------------------------------------------------------
-- Server version	5.0.51a-24+lenny5

/*!40101 SET @OLD_CHARACTER_SET_CLIENT=@@CHARACTER_SET_CLIENT */;
/*!40101 SET @OLD_CHARACTER_SET_RESULTS=@@CHARACTER_SET_RESULTS */;
/*!40101 SET @OLD_COLLATION_CONNECTION=@@COLLATION_CONNECTION */;
/*!40101 SET NAMES utf8 */;
/*!40103 SET @OLD_TIME_ZONE=@@TIME_ZONE */;
/*!40103 SET TIME_ZONE='+00:00' */;
/*!40014 SET @OLD_UNIQUE_CHECKS=@@UNIQUE_CHECKS, UNIQUE_CHECKS=0 */;
/*!40014 SET @OLD_FOREIGN_KEY_CHECKS=@@FOREIGN_KEY_CHECKS, FOREIGN_KEY_CHECKS=0 */;
/*!40101 SET @OLD_SQL_MODE=@@SQL_MODE, SQL_MODE='NO_AUTO_VALUE_ON_ZERO' */;
/*!40111 SET @OLD_SQL_NOTES=@@SQL_NOTES, SQL_NOTES=0 */;

--
-- Table structure for table `bowls`
--

DROP TABLE IF EXISTS `bowls`;
SET @saved_cs_client     = @@character_set_client;
SET character_set_client = utf8;
CREATE TABLE `bowls` (
  `id` int(11) NOT NULL auto_increment,
  `name` varchar(255) default NULL,
  PRIMARY KEY  (`id`)
) ENGINE=InnoDB DEFAULT CHARSET=latin1;
SET character_set_client = @saved_cs_client;

--
-- Dumping data for table `bowls`
--

LOCK TABLES `bowls` WRITE;
/*!40000 ALTER TABLE `bowls` DISABLE KEYS */;
/*!40000 ALTER TABLE `bowls` ENABLE KEYS */;
UNLOCK TABLES;

--
-- Table structure for table `conferences`
--

DROP TABLE IF EXISTS `conferences`;
SET @saved_cs_client     = @@character_set_client;
SET character_set_client = utf8;
CREATE TABLE `conferences` (
  `id` int(11) NOT NULL auto_increment,
  `name` varchar(255) default NULL,
  `division_id` int(11) default NULL,
  `commissioner` varchar(255) default NULL,
  `short_name` varchar(255) default NULL,
  `website` varchar(255) default NULL,
  `espn_id` int(11) default NULL,
  PRIMARY KEY  (`id`)
) ENGINE=InnoDB AUTO_INCREMENT=30 DEFAULT CHARSET=latin1;
SET character_set_client = @saved_cs_client;

--
-- Dumping data for table `conferences`
--

LOCK TABLES `conferences` WRITE;
/*!40000 ALTER TABLE `conferences` DISABLE KEYS */;
INSERT INTO `conferences` VALUES (1,'Atlantic Coast',1,'','ACC',NULL,1),(2,'Big 12',1,'','Big 12',NULL,4),(3,'Big East',1,'','Big East',NULL,10),(4,'Big Ten',1,'','Big Ten',NULL,5),(5,'Conference USA',1,'','CUSA','http://conferenceusa.cstv.com/index-main.html',12),(6,'1A Independents',1,'','IND',NULL,18),(7,'Mid-American',1,'','MAC','http://www.mac-sports.com/',15),(8,'Mountain West',1,'','MWC','http://themwc.cstv.com/',17),(9,'Pacific-10',1,'','PAC 10','http://www.pac-10.org/',9),(10,'Sun Belt',1,'','SBC',NULL,37),(11,'Southeastern',1,'','SEC',NULL,8),(12,'Western Athletic',1,'','WAC','http://www.wacsports.com/',16),(13,'Atlantic 10',2,NULL,NULL,NULL,NULL),(14,'Big Sky',2,NULL,'BigSky','http://www.bigskyconf.com/',20),(15,'Big South',2,NULL,NULL,NULL,NULL),(16,'Gateway',2,NULL,NULL,NULL,NULL),(17,'Great West',2,NULL,'Great West','http://www.greatwestconference.org/',NULL),(18,'1AA Independants',2,NULL,NULL,NULL,NULL),(19,'Ivy',2,NULL,NULL,NULL,NULL),(20,'Metro Atlantic',2,NULL,NULL,NULL,NULL),(21,'Mid-Eastern',2,NULL,NULL,NULL,NULL),(22,'Northeast',2,NULL,NULL,NULL,NULL),(23,'Ohio Valley',2,NULL,NULL,NULL,NULL),(24,'Patriot',2,NULL,NULL,NULL,NULL),(25,'Pioneer Football',2,NULL,NULL,NULL,NULL),(26,'Southern',2,NULL,NULL,NULL,NULL),(27,'Southland',2,NULL,NULL,NULL,NULL),(28,'Southwestern',2,NULL,'SWAC',NULL,NULL),(29,'The Summit League',2,NULL,NULL,NULL,NULL);
/*!40000 ALTER TABLE `conferences` ENABLE KEYS */;
UNLOCK TABLES;

--
-- Table structure for table `divisions`
--

DROP TABLE IF EXISTS `divisions`;
SET @saved_cs_client     = @@character_set_client;
SET character_set_client = utf8;
CREATE TABLE `divisions` (
  `id` int(11) NOT NULL auto_increment,
  `name` varchar(255) default NULL,
  PRIMARY KEY  (`id`)
) ENGINE=InnoDB AUTO_INCREMENT=4 DEFAULT CHARSET=latin1;
SET character_set_client = @saved_cs_client;

--
-- Dumping data for table `divisions`
--

LOCK TABLES `divisions` WRITE;
/*!40000 ALTER TABLE `divisions` DISABLE KEYS */;
INSERT INTO `divisions` VALUES (1,'FBS'),(2,'FCS'),(3,'Division II');
/*!40000 ALTER TABLE `divisions` ENABLE KEYS */;
UNLOCK TABLES;

--
-- Table structure for table `games`
--

DROP TABLE IF EXISTS `games`;
SET @saved_cs_client     = @@character_set_client;
SET character_set_client = utf8;
CREATE TABLE `games` (
  `id` int(11) NOT NULL auto_increment,
  `week_id` int(11) default NULL,
  `home_team_id` int(11) default NULL,
  `visitor_team_id` int(11) default NULL,
  `home_score` int(11) default '0',
  `visitor_score` int(11) default '0',
  `stadium_id` int(11) default NULL,
  `overtime` tinyint(1) default '0',
  `game_time` datetime default NULL,
  `home_team_ap_rank` varchar(255) default NULL,
  `visitor_team_ap_rank` varchar(255) default NULL,
  `home_team_coaches_rank` varchar(255) default NULL,
  `visitor_team_coaches_rank` varchar(255) default NULL,
  `home_team_bcs_rank` varchar(255) default NULL,
  `visitor_team_bcs_rank` varchar(255) default NULL,
  `media` varchar(255) default NULL,
  `complete` tinyint(1) default '0',
  `vegas_line` varchar(255) default NULL,
  `tba` tinyint(1) default '0',
  `home_passing_yards` int(11) default '0',
  `home_rushing_yards` int(11) default '0',
  `visitor_passing_yards` int(11) default '0',
  `visitor_rushing_yards` int(11) default '0',
  `attendance` int(11) default '0',
  `website_id` varchar(255) default NULL,
  PRIMARY KEY  (`id`),
  UNIQUE KEY `index_games_on_week_id_and_home_team_id_and_visitor_team_id` (`week_id`,`home_team_id`,`visitor_team_id`)
) ENGINE=InnoDB AUTO_INCREMENT=543 DEFAULT CHARSET=latin1;
SET character_set_client = @saved_cs_client;

--
-- Dumping data for table `games`
--

LOCK TABLES `games` WRITE;
/*!40000 ALTER TABLE `games` DISABLE KEYS */;
INSERT INTO `games` VALUES (1,1,1,2,56,7,1,0,'2007-08-31 01:00:00','24','',NULL,NULL,NULL,NULL,'Radio: KBOI<br />TV: KTVB',1,'NL - Computer 39.50',0,0,0,0,0,0,NULL),(2,2,3,1,24,10,2,0,'2007-09-08 19:30:00','','22',NULL,NULL,NULL,NULL,'Radio: KBOI<br />TV: FSN',1,'BSU -3',0,0,0,0,0,0,NULL),(3,3,1,4,24,14,1,0,'2007-09-16 00:00:00','','',NULL,NULL,NULL,NULL,'Radio: KBOI<br />TV: KTVB',1,'boise -12.5',0,0,0,0,0,0,NULL),(4,5,1,5,38,16,1,0,'2007-09-27 23:30:00','','',NULL,NULL,NULL,NULL,'Radio: KBOI<br />TV: ESPN',1,'-7.5',0,0,0,0,0,0,NULL),(5,6,1,6,58,0,1,0,'2007-10-08 00:00:00','','',NULL,NULL,NULL,NULL,'Radio: KBOI<br />TV: ESPN',1,'-22.5',0,0,0,0,0,0,NULL),(6,7,1,7,69,67,1,1,'2007-10-15 00:00:00','','',NULL,NULL,NULL,NULL,'Radio: KBOI<br />TV: ESPN',1,'-26.5',0,0,0,0,0,0,NULL),(7,8,8,1,31,45,3,0,'2007-10-20 23:00:00','','',NULL,NULL,NULL,NULL,'Radio: KBOI<br />TV: KTVB',1,'-16.5',0,0,0,0,0,0,NULL),(8,9,9,1,21,34,4,0,'2007-10-27 01:00:00','','',NULL,NULL,NULL,NULL,'Radio: KBOI<br />TV: ESPN2',1,'-3',0,0,0,0,0,0,NULL),(9,10,1,10,42,7,1,0,'2007-11-03 19:00:00','21','',NULL,NULL,NULL,NULL,'Radio: KBOI<br />TV: KTVB',1,'-26',0,0,0,0,0,0,NULL),(10,11,11,1,0,52,5,0,'2007-11-10 20:00:00','','19',NULL,NULL,NULL,NULL,'Radio: KBOI<br />TV: KTVB',1,'-24',0,0,0,0,0,0,NULL),(11,12,1,12,58,14,1,0,'2007-11-17 19:00:00','17','',NULL,NULL,NULL,NULL,'Radio: KBOI<br />TV: KTVB',1,'-34',0,0,0,0,0,0,NULL),(12,13,13,1,39,27,6,0,'2007-11-24 02:00:00','14','17',NULL,NULL,NULL,NULL,'Radio: KBOI<br />TV: ESPN2',1,'+4',0,0,0,0,0,0,NULL),(13,3,14,2,47,19,NULL,0,'2007-09-16 01:00:00','','',NULL,NULL,NULL,NULL,'',1,'',0,0,0,0,0,0,NULL),(14,4,2,15,5,21,NULL,0,'2007-09-22 19:35:00','','',NULL,NULL,NULL,NULL,'',1,'',0,0,0,0,0,0,NULL),(15,5,16,2,18,10,NULL,0,'2007-09-29 19:05:00','','',NULL,NULL,NULL,NULL,'',1,'',0,0,0,0,0,0,NULL),(16,6,2,17,26,7,NULL,0,'2007-10-06 19:05:00','','',NULL,NULL,NULL,NULL,'',1,'',0,0,0,0,0,0,NULL),(17,7,18,2,0,23,NULL,0,'2007-10-13 18:05:00','','',NULL,NULL,NULL,NULL,'',1,'',0,0,0,0,0,0,NULL),(18,8,2,19,20,29,NULL,0,'2007-10-20 19:05:00','','',NULL,NULL,NULL,NULL,'',1,'',0,0,0,0,0,0,NULL),(19,9,20,2,68,73,NULL,0,'2007-10-27 20:35:00','','',NULL,NULL,NULL,NULL,'',1,'',0,0,0,0,0,0,NULL),(20,10,2,21,52,37,NULL,0,'2007-11-03 19:30:00','','',NULL,NULL,NULL,NULL,'',1,'',0,0,0,0,0,0,NULL),(21,11,2,22,48,3,NULL,0,'2007-11-10 19:05:00','','',NULL,NULL,NULL,NULL,'',1,'',0,0,0,0,0,0,NULL),(22,12,23,2,38,16,NULL,0,'2007-11-17 20:05:00','','',NULL,NULL,NULL,NULL,'',1,'',0,0,0,0,0,0,NULL),(23,1,24,3,12,42,NULL,0,'2007-09-01 00:00:00','','',NULL,NULL,NULL,NULL,'',1,'',0,0,0,0,0,0,NULL),(24,3,3,25,14,33,NULL,0,'2007-09-15 19:30:00','','10',NULL,NULL,NULL,NULL,'',1,'',0,0,0,0,0,0,NULL),(25,4,26,3,44,31,NULL,0,'2007-09-23 02:28:00','','',NULL,NULL,NULL,NULL,'',1,'',0,0,0,0,0,0,NULL),(26,5,3,27,24,27,NULL,0,'2007-09-30 00:00:00','','',NULL,NULL,NULL,NULL,'',1,'',0,0,0,0,0,0,NULL),(27,7,28,3,44,20,NULL,0,'2007-10-13 19:30:00','14','',NULL,NULL,NULL,NULL,'',1,'',0,0,0,0,0,0,NULL),(28,8,3,29,34,55,NULL,0,'2007-10-20 18:00:00','','10',NULL,NULL,NULL,NULL,'',1,'',0,0,0,0,0,0,NULL),(29,9,3,30,41,48,NULL,0,'2007-10-27 18:00:00','','',NULL,NULL,NULL,NULL,'',1,'',0,0,0,0,0,0,NULL),(30,10,31,3,9,27,NULL,0,'2007-11-03 18:00:00','','',NULL,NULL,NULL,NULL,'',1,'',0,0,0,0,0,0,NULL),(31,11,32,3,29,23,NULL,0,'2007-11-11 02:15:00','','',NULL,NULL,NULL,NULL,'',1,'',0,0,0,0,0,0,NULL),(32,12,3,33,37,23,NULL,0,'2007-11-17 19:00:00','','',NULL,NULL,NULL,NULL,'',1,'',0,0,0,0,0,0,NULL),(33,13,3,34,35,42,NULL,0,'2007-11-25 02:00:00','','',NULL,NULL,NULL,NULL,'',1,'',0,0,0,0,0,0,NULL),(34,14,13,3,0,0,6,0,'2007-12-01 20:00:00','','',NULL,NULL,NULL,NULL,'',0,'',0,0,0,0,0,0,NULL),(35,1,4,35,23,3,8,0,'2007-09-01 18:00:00','','',NULL,NULL,NULL,NULL,'',1,'',0,0,0,0,0,0,NULL),(36,2,4,11,32,18,8,0,'2007-09-08 18:00:00','','',NULL,NULL,NULL,NULL,'',1,'',0,0,0,0,0,0,NULL),(37,4,36,4,33,34,NULL,0,'2007-09-22 18:00:00','','',NULL,NULL,NULL,NULL,'',1,'',0,0,0,0,0,0,NULL),(38,6,4,37,24,21,8,0,'2007-10-06 18:00:00','','',NULL,NULL,NULL,NULL,'',1,'',0,0,0,0,0,0,NULL),(39,7,4,38,3,20,8,0,'2007-10-13 18:00:00','','',NULL,NULL,NULL,NULL,'',1,'',0,0,0,0,0,0,NULL),(40,8,39,4,20,12,NULL,0,'2007-10-20 18:00:00','','',NULL,NULL,NULL,NULL,'',1,'',0,0,0,0,0,0,NULL),(41,9,4,40,29,24,8,0,'2007-10-27 18:00:00','','',NULL,NULL,NULL,NULL,'',1,'',0,0,0,0,0,0,NULL),(42,10,41,4,27,24,NULL,0,'2007-11-04 01:00:00','','',NULL,NULL,NULL,NULL,'',1,'',0,0,0,0,0,0,NULL),(43,11,42,4,50,0,NULL,0,'2007-11-10 20:30:00','','',NULL,NULL,NULL,NULL,'',1,'',0,0,0,0,0,0,NULL),(44,12,4,43,10,35,8,0,'2007-11-17 19:00:00','','',NULL,NULL,NULL,NULL,'',1,'',0,0,0,0,0,0,NULL),(45,13,44,4,36,28,8,0,'2007-11-23 19:00:00','','',NULL,NULL,NULL,NULL,'',1,'',0,0,0,0,0,0,NULL),(46,1,5,45,35,13,NULL,0,'2007-09-01 23:00:00','','',NULL,NULL,NULL,NULL,'',1,'',0,0,0,0,0,0,NULL),(47,2,46,5,39,19,NULL,0,'2007-09-08 23:00:00','','',NULL,NULL,NULL,NULL,'',1,'',0,0,0,0,0,0,NULL),(48,3,47,5,21,28,NULL,0,'2007-09-15 22:00:00','','',NULL,NULL,NULL,NULL,'',1,'',0,0,0,0,0,0,NULL),(49,6,5,48,29,31,NULL,0,'2007-10-04 00:00:00','','',NULL,NULL,NULL,NULL,'',1,'',0,0,0,0,0,0,NULL),(50,7,5,49,28,7,NULL,0,'2007-10-13 23:30:00','','',NULL,NULL,NULL,NULL,'',1,'',0,0,0,0,0,0,NULL),(51,8,50,5,24,33,NULL,0,'2007-10-22 00:00:00','','',NULL,NULL,NULL,NULL,'',1,'',0,0,0,0,0,0,NULL),(52,9,5,51,17,34,NULL,0,'2007-10-29 00:00:00','','',NULL,NULL,NULL,NULL,'',1,'',0,0,0,0,0,0,NULL),(53,10,52,5,7,37,NULL,0,'2007-11-03 23:00:00','','',NULL,NULL,NULL,NULL,'',1,'',0,0,0,0,0,0,NULL),(54,11,5,53,26,29,NULL,0,'2007-11-10 21:30:00','','',NULL,NULL,NULL,NULL,'',1,'',0,0,0,0,0,0,NULL),(55,12,54,5,30,56,NULL,0,'2007-11-18 00:30:00','','',NULL,NULL,NULL,NULL,'',1,'',0,0,0,0,0,0,NULL),(56,13,5,55,16,10,NULL,0,'2007-11-24 20:00:00','','',NULL,NULL,NULL,NULL,'',1,'',0,0,0,0,0,0,NULL),(57,1,8,56,28,7,3,0,'2007-09-01 23:00:00','','',NULL,NULL,NULL,NULL,'',1,'',0,0,0,0,0,0,NULL),(58,2,8,13,44,45,3,0,'2007-09-08 23:00:00','','20',NULL,NULL,NULL,NULL,'',1,'',0,0,0,0,0,0,NULL),(59,3,33,8,42,12,NULL,0,'2007-09-15 22:30:00','8','',NULL,NULL,NULL,NULL,'',1,'',0,0,0,0,0,0,NULL),(60,5,9,8,17,6,NULL,0,'2007-09-30 02:00:00','','',NULL,NULL,NULL,NULL,'',1,'',0,0,0,0,0,0,NULL),(61,6,57,8,24,0,NULL,0,'2007-10-06 18:00:00','','',NULL,NULL,NULL,NULL,'',1,'',0,0,0,0,0,0,NULL),(62,7,8,6,22,21,NULL,0,'2007-10-13 23:00:00','','',NULL,NULL,NULL,NULL,'',1,'',0,0,0,0,0,0,NULL),(63,9,11,8,21,31,5,0,'2007-10-27 19:00:00','','',NULL,NULL,NULL,NULL,'',1,'',0,0,0,0,0,0,NULL),(64,10,12,8,16,28,13,0,'2007-11-03 21:00:00','','',NULL,NULL,NULL,NULL,'',1,'',0,0,0,0,0,0,NULL),(65,11,58,8,58,10,NULL,0,'2007-11-11 01:00:00','','',NULL,NULL,NULL,NULL,'',1,'',0,0,0,0,0,0,NULL),(66,12,8,10,27,23,3,0,'2007-11-18 00:00:00','','',NULL,NULL,NULL,NULL,'',1,'',0,0,0,0,0,0,NULL),(67,14,7,8,49,10,11,0,'2007-12-01 21:00:00','','',NULL,NULL,NULL,NULL,'',1,'',0,0,0,0,0,0,NULL),(68,1,9,17,24,3,4,0,'2007-09-02 02:00:00','','',NULL,NULL,NULL,NULL,'',1,'',0,0,0,0,0,0,NULL),(69,2,59,9,47,45,NULL,0,'2007-09-08 19:30:00','23','',NULL,NULL,NULL,NULL,'',1,'',0,0,0,0,0,0,NULL),(70,3,29,9,52,21,NULL,0,'2007-09-15 22:30:00','19','',NULL,NULL,NULL,NULL,'',1,'',0,0,0,0,0,0,NULL),(71,6,7,9,41,49,NULL,0,'2007-10-06 20:00:00','','',NULL,NULL,NULL,NULL,'',1,'',0,0,0,0,0,0,NULL),(72,7,12,9,24,37,NULL,0,'2007-10-13 21:00:00','','',NULL,NULL,NULL,NULL,'',1,'',0,0,0,0,0,0,NULL),(73,8,9,10,30,0,4,0,'2007-10-20 21:00:00','','',NULL,NULL,NULL,NULL,'',1,'',0,0,0,0,0,0,NULL),(74,10,9,11,38,27,4,0,'2007-11-03 21:00:00','','',NULL,NULL,NULL,NULL,'',1,'',0,0,0,0,0,0,NULL),(75,11,13,9,37,30,6,0,'2007-11-11 04:05:00','14','',NULL,NULL,NULL,NULL,'',1,'',0,0,0,0,0,0,NULL),(76,13,9,60,45,29,4,0,'2007-11-24 20:00:00','','',NULL,NULL,NULL,NULL,'',1,'',0,0,0,0,0,0,NULL),(77,14,6,9,23,30,10,0,'2007-12-01 01:00:00','','',NULL,NULL,NULL,NULL,'',1,'',0,0,0,0,0,0,NULL),(78,1,11,40,16,23,5,0,'2007-08-31 00:05:00','','',NULL,NULL,NULL,NULL,'',1,'',0,0,0,0,0,0,NULL),(79,3,61,11,54,3,NULL,0,'2007-09-15 19:30:00','3','',NULL,NULL,NULL,NULL,'',1,'',0,0,0,0,0,0,NULL),(80,4,11,10,20,23,5,0,'2007-09-23 00:05:00','','',NULL,NULL,NULL,NULL,'',1,'',0,0,0,0,0,0,NULL),(81,5,42,11,34,18,NULL,0,'2007-09-29 19:00:00','','',NULL,NULL,NULL,NULL,'',1,'',0,0,0,0,0,0,NULL),(82,6,13,11,52,37,6,0,'2007-10-07 04:05:00','16','',NULL,NULL,NULL,NULL,'none',1,'',0,0,0,0,0,0,NULL),(83,8,11,7,28,31,5,0,'2007-10-20 19:05:00','','',NULL,NULL,NULL,NULL,'',1,'',0,0,0,0,0,0,NULL),(84,12,6,11,17,35,10,0,'2007-11-17 19:00:00','','',NULL,NULL,NULL,NULL,'',1,'',0,0,0,0,0,0,NULL),(85,13,12,11,19,24,13,0,'2007-11-24 22:00:00','','',NULL,NULL,NULL,NULL,'',1,'',0,0,0,0,0,0,NULL),(86,1,6,63,35,14,10,0,'2007-08-31 00:00:00','','',NULL,NULL,NULL,NULL,'',1,'',0,0,0,0,0,0,NULL),(87,2,38,6,44,34,NULL,0,'2007-09-09 01:30:00','','',NULL,NULL,NULL,NULL,'',1,'',0,0,0,0,0,0,NULL),(88,3,6,54,29,24,10,0,'2007-09-16 00:00:00','','',NULL,NULL,NULL,NULL,'',1,'',0,0,0,0,0,0,NULL),(89,4,64,6,55,20,NULL,0,'2007-09-22 23:00:00','','',NULL,NULL,NULL,NULL,'',1,'',0,0,0,0,0,0,NULL),(90,5,6,65,20,17,10,0,'2007-09-30 00:00:00','','',NULL,NULL,NULL,NULL,'',1,'',0,0,0,0,0,0,NULL),(91,8,6,12,45,31,10,0,'2007-10-21 00:00:00','','',NULL,NULL,NULL,NULL,'',1,'',0,0,0,0,0,0,NULL),(92,9,13,6,50,13,6,0,'2007-10-28 04:05:00','17','',NULL,NULL,NULL,NULL,'',1,'',0,0,0,0,0,0,NULL),(93,10,6,7,38,40,10,0,'2007-11-03 00:00:00','','',NULL,NULL,NULL,NULL,'',1,'',0,0,0,0,0,0,NULL),(94,11,10,6,51,17,12,0,'2007-11-10 21:00:00','','',NULL,NULL,NULL,NULL,'',1,'',0,0,0,0,0,0,NULL),(95,1,66,7,52,10,NULL,0,'2007-09-01 19:30:00','20','',NULL,NULL,NULL,NULL,'',1,'',0,0,0,0,0,0,NULL),(96,2,67,7,36,31,NULL,0,'2007-09-08 16:00:00','','',NULL,NULL,NULL,NULL,'',1,'',0,0,0,0,0,0,NULL),(97,3,7,68,52,17,11,0,'2007-09-16 01:05:00','','',NULL,NULL,NULL,NULL,'',1,'',0,0,0,0,0,0,NULL),(98,5,7,40,27,20,11,0,'2007-09-29 20:05:00','','',NULL,NULL,NULL,NULL,'',1,'',0,0,0,0,0,0,NULL),(99,9,7,12,37,21,11,0,'2007-10-27 20:05:00','','',NULL,NULL,NULL,NULL,'',1,'',0,0,0,0,0,0,NULL),(100,12,7,13,26,28,11,0,'2007-11-17 04:05:00','','',NULL,NULL,NULL,NULL,'',1,'',0,0,0,0,0,0,NULL),(101,13,10,7,27,24,12,0,'2007-11-24 21:00:00','','',NULL,NULL,NULL,NULL,'',1,'',0,0,0,0,0,0,NULL),(102,1,28,10,45,3,NULL,0,'2007-09-02 01:00:00','','',NULL,NULL,NULL,NULL,'',1,'',0,0,0,0,0,0,NULL),(103,2,60,10,34,14,NULL,0,'2007-09-08 23:05:00','','',NULL,NULL,NULL,NULL,'',1,'',0,0,0,0,0,0,NULL),(104,3,31,10,37,0,NULL,0,'2007-09-16 02:00:00','','',NULL,NULL,NULL,NULL,'',1,'',0,0,0,0,0,0,NULL),(105,5,10,69,34,14,12,0,'2007-09-29 20:00:00','','',NULL,NULL,NULL,NULL,'',1,'',0,0,0,0,0,0,NULL),(106,6,10,12,28,20,12,0,'2007-10-06 20:00:00','','',NULL,NULL,NULL,NULL,'',1,'',0,0,0,0,0,0,NULL),(107,7,10,13,35,42,12,0,'2007-10-13 00:00:00','','16',NULL,NULL,NULL,NULL,'espn',1,'',0,0,0,0,0,0,NULL),(108,1,27,12,38,10,NULL,0,'2007-09-02 02:15:00','1','',NULL,NULL,NULL,NULL,'',1,'',0,0,0,0,0,0,NULL),(109,2,12,14,20,13,13,0,'2007-09-08 21:00:00','','',NULL,NULL,NULL,NULL,'',1,'',0,0,0,0,0,0,NULL),(110,3,34,12,45,28,NULL,0,'2007-09-16 02:00:00','','',NULL,NULL,NULL,NULL,'',1,'',0,0,0,0,0,0,NULL),(111,4,12,70,35,42,13,0,'2007-09-22 21:00:00','','',NULL,NULL,NULL,NULL,'',1,'',0,0,0,0,0,0,NULL),(112,5,12,13,20,48,13,0,'2007-09-29 21:00:00','','19',NULL,NULL,NULL,NULL,'',1,'',0,0,0,0,0,0,NULL),(113,1,13,18,63,6,6,0,'2007-09-02 04:05:00','23','',NULL,NULL,NULL,NULL,'',1,'',0,0,0,0,0,0,NULL),(114,3,40,13,14,49,NULL,0,'2007-09-16 00:30:00','','24',NULL,NULL,NULL,NULL,'',1,'',0,0,0,0,0,0,NULL),(115,4,13,62,66,10,6,0,'2007-09-23 04:05:00','19','',NULL,NULL,NULL,NULL,'',1,'',0,0,0,0,0,0,NULL),(116,15,1,21,49,7,1,0,'2008-08-31 00:00:00','','',NULL,NULL,NULL,NULL,'KTVB',1,'',0,0,0,0,0,0,NULL),(117,16,1,71,20,7,1,0,'2008-09-14 00:00:00','','',NULL,NULL,NULL,NULL,'KTVB',1,'16.5',0,0,0,0,0,0,NULL),(119,17,29,1,32,37,16,0,'2008-09-20 19:30:00','17','',NULL,NULL,NULL,NULL,'KTVB',1,'+11',0,0,0,0,0,0,NULL),(120,18,1,8,38,3,1,0,'2008-10-02 00:00:00','17','',NULL,NULL,NULL,NULL,'Espn',1,'',0,0,0,0,0,0,NULL),(121,19,5,1,7,24,7,0,'2008-10-12 00:00:00','','15',NULL,NULL,NULL,NULL,'CBSCS',1,'',0,0,0,0,0,0,NULL),(122,20,1,13,27,7,1,0,'2008-10-18 00:00:00','15','',NULL,NULL,NULL,NULL,'Espn',1,'-25',0,0,0,0,0,0,NULL),(123,21,10,1,16,33,12,0,'2008-10-25 01:00:00','','13',NULL,NULL,NULL,NULL,'Espn2',1,'7',0,0,0,0,0,0,NULL),(124,22,6,1,0,49,10,0,'2008-11-01 23:00:00','','11',NULL,NULL,NULL,NULL,'KTVB',1,'25',0,0,0,0,0,0,NULL),(125,23,1,11,49,14,1,0,'2008-11-08 20:00:00','9','',NULL,NULL,NULL,NULL,'KTVB',1,'',0,0,0,0,0,0,NULL),(126,24,12,1,10,45,13,0,'2008-11-15 22:00:00','','9',NULL,NULL,NULL,NULL,'KTVB',1,'-36',0,0,0,0,0,0,NULL),(127,25,7,1,34,41,11,0,'2008-11-22 21:00:00','','9',NULL,NULL,NULL,NULL,'KTVB',1,'-6',0,0,0,0,0,0,NULL),(128,27,1,9,61,10,1,0,'2008-11-28 23:00:00','9','',NULL,NULL,NULL,NULL,'Espn2',1,'-21',0,0,0,0,0,0,NULL),(129,16,12,21,42,27,13,0,'2008-09-06 21:00:00','','',NULL,NULL,NULL,NULL,'',1,'',0,0,0,0,0,0,NULL),(130,18,21,72,35,38,14,0,'2008-09-18 21:35:00','','',NULL,NULL,NULL,NULL,'',1,'',0,0,0,0,0,0,NULL),(131,19,23,21,45,31,NULL,0,'2008-09-28 01:05:00','','',NULL,NULL,NULL,NULL,'',1,'',0,0,0,0,0,0,NULL),(132,20,21,15,21,33,14,0,'2008-10-05 00:35:00','','',NULL,NULL,NULL,NULL,'',1,'',0,0,0,0,0,0,NULL),(133,21,18,21,29,9,NULL,0,'2008-10-11 19:35:00','','',NULL,NULL,NULL,NULL,'',1,'',0,0,0,0,0,0,NULL),(134,22,21,19,30,52,NULL,0,'2008-10-19 00:35:00','','',NULL,NULL,NULL,NULL,'',1,'',0,0,0,0,0,0,NULL),(135,23,20,21,36,13,NULL,0,'2008-10-25 20:05:00','','',NULL,NULL,NULL,NULL,'',1,'',0,0,0,0,0,0,NULL),(136,24,14,21,49,10,NULL,0,'2008-11-02 01:05:00','','',NULL,NULL,NULL,NULL,'',1,'',0,0,0,0,0,0,NULL),(137,25,21,2,27,59,14,0,'2008-11-08 22:05:00','','',NULL,NULL,NULL,NULL,'',1,'',0,0,0,0,0,0,NULL),(138,26,16,21,29,10,NULL,0,'2008-11-15 19:05:00','','',NULL,NULL,NULL,NULL,'',1,'',0,0,0,0,0,0,NULL),(139,27,21,17,36,33,NULL,0,'2008-11-22 22:05:00','','',NULL,NULL,NULL,NULL,'',1,'',0,0,0,0,0,0,NULL),(140,15,73,71,17,27,NULL,0,'2008-08-30 19:00:00','25','',NULL,NULL,NULL,NULL,'',1,'',0,0,0,0,0,0,NULL),(141,16,71,74,17,42,NULL,0,'2008-09-06 19:00:00','','',NULL,NULL,NULL,NULL,'',1,'',0,0,0,0,0,0,NULL),(142,19,4,71,16,45,8,0,'2008-09-28 00:00:00','','',NULL,NULL,NULL,NULL,'',1,'',0,0,0,0,0,0,NULL),(143,20,71,75,21,24,NULL,0,'2008-10-04 19:00:00','','',NULL,NULL,NULL,NULL,'',1,'',0,0,0,0,0,0,NULL),(144,21,76,71,33,37,NULL,0,'2008-10-11 19:00:00','','',NULL,NULL,NULL,NULL,'',1,'',0,0,0,0,0,0,NULL),(145,22,71,77,20,27,NULL,0,'2008-10-18 19:00:00','','',NULL,NULL,NULL,NULL,'',1,'',0,0,0,0,0,0,NULL),(146,23,70,71,16,13,NULL,0,'2008-10-26 00:00:00','','',NULL,NULL,NULL,NULL,'',1,'',0,0,0,0,0,0,NULL),(147,24,71,78,45,30,NULL,0,'2008-11-01 19:00:00','','',NULL,NULL,NULL,NULL,'',1,'',0,0,0,0,0,0,NULL),(148,25,71,36,28,3,NULL,0,'2008-11-08 20:00:00','','',NULL,NULL,NULL,NULL,'',1,'',0,0,0,0,0,0,NULL),(149,27,71,80,34,40,NULL,0,'2008-11-21 20:00:00','','',NULL,NULL,NULL,NULL,'',1,'',0,0,0,0,0,0,NULL),(150,28,81,71,10,38,NULL,0,'2008-11-28 20:00:00','','',NULL,NULL,NULL,NULL,'',1,'',0,0,0,0,0,0,NULL),(152,15,29,3,44,10,NULL,0,'2008-08-31 02:00:00','21','',NULL,NULL,NULL,NULL,'',1,'',0,0,0,0,0,0,NULL),(153,16,29,11,66,24,16,0,'2008-09-06 18:30:00','18','',NULL,NULL,NULL,NULL,'',1,'',0,0,0,0,0,0,NULL),(154,17,82,29,26,32,NULL,0,'2008-09-13 18:30:00','','',NULL,NULL,NULL,NULL,'',1,'',0,0,0,0,0,0,NULL),(155,19,34,29,14,63,NULL,0,'2008-09-27 15:15:00','','',NULL,NULL,NULL,NULL,'',1,'',0,0,0,0,0,0,NULL),(156,20,27,29,44,10,NULL,0,'2008-10-04 23:00:00','','',NULL,NULL,NULL,NULL,'',1,'',0,0,0,0,0,0,NULL),(157,21,29,26,31,24,16,0,'2008-10-10 19:00:00','','',NULL,NULL,NULL,NULL,'',1,'',0,0,0,0,0,0,NULL),(158,23,28,29,20,54,NULL,0,'2008-10-25 19:00:00','','',NULL,NULL,NULL,NULL,'',1,'',0,0,0,0,0,0,NULL),(159,24,33,29,26,16,NULL,0,'2008-11-01 19:00:00','','',NULL,NULL,NULL,NULL,'',1,'',0,0,0,0,0,0,NULL),(160,25,29,31,35,28,16,0,'2008-11-08 20:00:00','','',NULL,NULL,NULL,NULL,'',1,'',0,0,0,0,0,0,NULL),(161,26,29,30,55,45,16,0,'2008-11-15 20:00:00','','',NULL,NULL,NULL,NULL,'',1,'',0,0,0,0,0,0,NULL),(162,28,32,29,38,65,NULL,0,'2008-11-29 23:00:00','','',NULL,NULL,NULL,NULL,'',1,'',0,0,0,0,0,0,NULL),(163,15,8,83,22,14,3,0,'2008-08-30 23:45:00','','',NULL,NULL,NULL,NULL,'',1,'',0,0,0,0,0,0,NULL),(164,16,84,8,29,0,3,0,'2008-09-07 00:00:00','14','',NULL,NULL,NULL,NULL,'',1,'',0,0,0,0,0,0,NULL),(165,18,63,8,26,41,NULL,0,'2008-09-21 00:00:00','','',NULL,NULL,NULL,NULL,'',1,'',0,0,0,0,0,0,NULL),(166,21,13,8,24,14,6,0,'2008-10-12 05:00:00','','',NULL,NULL,NULL,NULL,'',1,'',0,0,0,0,0,0,NULL),(168,23,85,8,14,7,3,0,'2008-10-25 19:00:00','','',NULL,NULL,NULL,NULL,'',1,'',0,0,0,0,0,0,NULL),(169,24,8,9,38,35,NULL,0,'2008-11-01 20:30:00','','',NULL,NULL,NULL,NULL,'',1,'',0,0,0,0,0,0,NULL),(170,25,10,8,0,21,12,0,'2008-11-09 03:00:00','','',NULL,NULL,NULL,NULL,'',1,'',0,0,0,0,0,0,NULL),(171,26,8,11,45,38,NULL,0,'2008-11-15 20:00:00','','',NULL,NULL,NULL,NULL,'',1,'',0,0,0,0,0,0,NULL),(172,15,7,86,49,13,NULL,0,'2008-08-31 01:05:00','','',NULL,NULL,NULL,NULL,'',1,'',0,0,0,0,0,0,NULL),(173,27,6,8,31,35,NULL,0,'2008-11-22 22:00:00','','',NULL,NULL,NULL,NULL,'',1,'',0,0,0,0,0,0,NULL),(174,28,8,7,31,35,NULL,0,'2008-11-29 20:30:00','','',NULL,NULL,NULL,NULL,'',1,'',0,0,0,0,0,0,NULL),(175,16,7,87,19,35,NULL,0,'2008-09-07 01:05:00','','12',NULL,NULL,NULL,NULL,'',1,'',0,0,0,0,0,0,NULL),(176,17,88,7,69,17,NULL,0,'2008-09-13 19:00:00','6','',NULL,NULL,NULL,NULL,'',1,'',0,0,0,0,0,0,NULL),(177,19,40,7,27,49,NULL,0,'2008-09-28 02:00:00','','',NULL,NULL,NULL,NULL,'',1,'',0,0,0,0,0,0,NULL),(178,15,5,89,51,21,NULL,0,'2008-08-31 00:00:00','','',NULL,NULL,NULL,NULL,'',1,'',0,0,0,0,0,0,NULL),(180,15,90,9,7,24,NULL,0,'2008-09-01 20:00:00','','',NULL,NULL,NULL,NULL,'',1,'',0,0,0,0,0,0,NULL),(181,17,55,5,24,27,NULL,0,'2008-09-14 00:00:00','','',NULL,NULL,NULL,NULL,'',1,'',0,0,0,0,0,0,NULL),(182,17,9,91,10,13,NULL,0,'2008-09-14 02:30:00','21','10',NULL,NULL,NULL,NULL,'',1,'',0,0,0,0,0,0,NULL),(183,18,81,9,54,55,NULL,0,'2008-09-20 23:00:00','','',NULL,NULL,NULL,NULL,'',1,'',0,0,0,0,0,0,NULL),(184,18,50,5,34,27,NULL,0,'2008-09-20 20:30:00','','',NULL,NULL,NULL,NULL,'',1,'',0,0,0,0,0,0,NULL),(185,19,26,9,31,36,NULL,0,'2008-09-27 19:30:00','','',NULL,NULL,NULL,NULL,'',1,'',0,0,0,0,0,0,NULL),(186,15,30,12,70,0,NULL,0,'2008-08-31 01:00:00','','',NULL,NULL,NULL,NULL,'',1,'',0,0,0,0,0,0,NULL),(187,15,93,13,56,10,NULL,0,'2008-08-30 06:00:00','6','',NULL,NULL,NULL,NULL,'',1,'',0,0,0,0,0,0,NULL),(188,16,13,2,36,17,6,0,'2008-09-07 00:05:00','','',NULL,NULL,NULL,NULL,'',1,'',0,0,0,0,0,0,NULL),(190,17,12,94,28,51,NULL,0,'2008-09-13 21:00:00','','',NULL,NULL,NULL,NULL,'',1,'',0,0,0,0,0,0,NULL),(191,18,11,12,42,17,5,0,'2008-09-20 20:00:00','','',NULL,NULL,NULL,NULL,'',1,'',0,0,0,0,0,0,NULL),(192,19,13,10,17,20,NULL,0,'2008-09-28 00:05:00','','',NULL,NULL,NULL,NULL,'',1,'',0,0,0,0,0,0,NULL),(193,19,41,12,45,17,NULL,0,'2008-09-28 00:00:00','','',NULL,NULL,NULL,NULL,'',1,'',0,0,0,0,0,0,NULL),(195,17,66,6,38,7,NULL,0,'2008-09-13 19:00:00','','',NULL,NULL,NULL,NULL,'',1,'',0,0,0,0,0,0,NULL),(196,18,54,6,33,34,NULL,0,'2008-09-21 01:05:00','','',NULL,NULL,NULL,NULL,'',1,'',0,0,0,0,0,0,NULL),(197,19,6,38,24,35,NULL,0,'2008-09-28 00:00:00','','',NULL,NULL,NULL,NULL,'',1,'',0,0,0,0,0,0,NULL),(198,15,10,69,13,10,12,0,'2008-08-30 23:00:00','','',NULL,NULL,NULL,NULL,'',1,'',0,0,0,0,0,0,NULL),(199,16,66,10,35,12,NULL,0,'2008-09-06 17:30:00','','',NULL,NULL,NULL,NULL,'',1,'',0,0,0,0,0,0,NULL),(200,17,41,10,10,35,NULL,0,'2008-09-13 23:00:00','','',NULL,NULL,NULL,NULL,'',1,'',0,0,0,0,0,0,NULL),(201,18,31,10,23,10,NULL,0,'2008-09-21 00:00:00','','',NULL,NULL,NULL,NULL,'',1,'',0,0,0,0,0,0,NULL),(202,15,40,11,27,17,NULL,0,'2008-08-31 02:00:00','','',NULL,NULL,NULL,NULL,'',1,'',0,0,0,0,0,0,NULL),(204,20,12,7,14,49,13,0,'2008-10-04 21:00:00','','',NULL,NULL,NULL,NULL,'',1,'',0,0,0,0,0,0,NULL),(205,21,9,12,45,32,4,0,'2008-10-12 02:00:00','','',NULL,NULL,NULL,NULL,'',1,'',0,0,0,0,0,0,NULL),(206,22,8,12,46,14,NULL,0,'2008-10-18 23:00:00','','',NULL,NULL,NULL,NULL,'',1,'',0,0,0,0,0,0,NULL),(207,23,12,6,20,14,NULL,0,'2008-10-25 21:00:00','','',NULL,NULL,NULL,NULL,'',1,'',0,0,0,0,0,0,NULL),(208,24,12,10,24,30,13,0,'2008-11-01 21:00:00','','',NULL,NULL,NULL,NULL,'',1,'',0,0,0,0,0,0,NULL),(209,26,13,12,49,17,6,0,'2008-11-23 04:00:00','','',NULL,NULL,NULL,NULL,'',1,'',0,0,0,0,0,0,NULL),(210,21,7,6,45,48,11,0,'2008-10-11 19:05:00','','',NULL,NULL,NULL,NULL,'',1,'',0,0,0,0,0,0,NULL),(211,22,7,11,44,17,11,0,'2008-10-18 19:05:00','','',NULL,NULL,NULL,NULL,'',1,'',0,0,0,0,0,0,NULL),(212,23,13,7,38,31,6,0,'2008-10-26 03:05:00','','',NULL,NULL,NULL,NULL,'',1,'',0,0,0,0,0,0,NULL),(213,25,9,7,28,41,4,0,'2008-11-08 01:00:00','','',NULL,NULL,NULL,NULL,'',1,'',0,0,0,0,0,0,NULL),(215,20,9,13,29,32,4,1,'2008-10-05 04:00:00','22','',NULL,NULL,NULL,NULL,'',1,'',0,0,0,0,0,0,NULL),(216,23,11,9,28,30,5,0,'2008-10-25 06:00:00','','',NULL,NULL,NULL,NULL,'',1,'',0,0,0,0,0,0,NULL),(217,26,9,6,24,17,4,0,'2008-11-15 20:00:00','','',NULL,NULL,NULL,NULL,'',1,'',0,0,0,0,0,0,NULL),(218,27,10,9,10,24,12,0,'2008-11-22 01:30:00','','',NULL,NULL,NULL,NULL,'',1,'',0,0,0,0,0,0,NULL),(221,21,10,11,30,7,12,0,'2008-10-12 00:00:00','','',NULL,NULL,NULL,NULL,'',1,'',0,0,0,0,0,0,NULL),(222,20,11,43,14,34,5,0,'2008-10-04 00:00:00','','',NULL,NULL,NULL,NULL,'',1,'',0,0,0,0,0,0,NULL),(224,28,13,34,24,10,6,0,'2008-11-29 20:00:00','','',NULL,NULL,NULL,NULL,'',1,'',0,0,0,0,0,0,NULL),(225,20,5,54,37,40,NULL,0,'2008-10-05 00:00:00','','',NULL,NULL,NULL,NULL,'',1,'',0,0,0,0,0,0,NULL),(226,22,48,5,45,40,NULL,0,'2008-10-18 20:00:00','','',NULL,NULL,NULL,NULL,'',1,'',0,0,0,0,0,0,NULL),(228,24,5,96,70,14,NULL,0,'2008-11-02 01:00:00','','',NULL,NULL,NULL,NULL,'',1,'',0,0,0,0,0,0,NULL),(229,25,5,98,17,6,NULL,0,'2008-11-08 22:30:00','','',NULL,NULL,NULL,NULL,'',1,'',0,0,0,0,0,0,NULL),(230,26,5,47,21,3,NULL,0,'2008-11-15 21:00:00','','',NULL,NULL,NULL,NULL,'',1,'',0,0,0,0,0,0,NULL),(231,28,49,5,12,28,NULL,0,'2008-11-29 21:00:00','','',NULL,NULL,NULL,NULL,'',1,'',0,0,0,0,0,0,NULL),(232,16,64,5,27,13,NULL,0,'2008-09-06 16:30:00','','',NULL,NULL,NULL,NULL,'',1,'',0,0,0,0,0,0,NULL),(233,23,53,5,36,30,NULL,0,'2008-10-26 00:00:00','','',NULL,NULL,NULL,NULL,'',1,'',0,0,0,0,0,0,NULL),(234,22,6,10,14,31,NULL,0,'2008-10-19 00:00:00','','',NULL,NULL,NULL,NULL,'',1,'',0,0,0,0,0,0,NULL),(235,25,6,13,30,42,NULL,0,'2008-11-08 21:00:00','','',NULL,NULL,NULL,NULL,'',1,'',0,0,0,0,0,0,NULL),(236,28,11,6,47,2,NULL,0,'2008-11-29 20:00:00','','',NULL,NULL,NULL,NULL,'',1,'',0,0,0,0,0,0,NULL),(237,17,11,42,10,58,NULL,0,'2008-09-14 00:00:00','','22',NULL,NULL,NULL,NULL,'',1,'',0,0,0,0,0,0,NULL),(238,24,11,13,30,14,NULL,0,'2008-11-01 19:00:00','','',NULL,NULL,NULL,NULL,'',1,'',0,0,0,0,0,0,NULL),(239,17,32,13,45,7,NULL,0,'2008-09-13 19:00:00','','',NULL,NULL,NULL,NULL,'',1,'',0,0,0,0,0,0,NULL),(240,29,13,95,24,29,6,0,'2008-12-06 19:00:00','','',NULL,NULL,NULL,NULL,'',1,'',0,0,0,0,0,0,NULL),(241,26,7,10,41,17,NULL,0,'2008-11-15 21:05:00','','',NULL,NULL,NULL,NULL,'',1,'',0,0,0,0,0,0,NULL),(242,20,6,100,45,10,NULL,0,'2008-10-04 21:00:00','','',NULL,NULL,NULL,NULL,'',1,'',0,0,0,0,0,0,NULL),(243,30,1,29,19,8,1,0,'2009-09-04 02:15:00','14','16',NULL,NULL,NULL,NULL,'ESPN',1,'-5',0,197,164,121,31,34127,NULL),(244,31,1,77,48,0,1,0,'2009-09-13 00:00:00','12','',NULL,NULL,NULL,NULL,'KTVB',1,'-35',0,314,127,156,38,32228,NULL),(245,32,9,1,34,51,4,0,'2009-09-19 01:00:00','','10',NULL,NULL,NULL,NULL,'ESPN',1,'-7.5',0,187,320,181,299,35637,NULL),(246,33,71,1,14,49,15,0,'2009-09-26 23:00:00','','8',NULL,NULL,NULL,NULL,'KTVB',1,'-16',0,189,93,262,267,22396,NULL),(247,34,1,69,34,16,1,0,'2009-10-04 00:00:00','5','',NULL,NULL,NULL,NULL,'KTVB',1,'',0,285,101,206,28,32497,NULL),(248,36,101,1,21,28,17,0,'2009-10-15 00:00:00','','5',NULL,NULL,NULL,NULL,'ESPN',1,'-10',0,207,88,187,193,30000,NULL),(249,37,13,1,9,54,6,0,'2009-10-25 03:05:00','','6',NULL,NULL,NULL,NULL,'KTVB',1,'-24',0,214,93,279,193,37928,NULL),(250,38,1,10,45,7,1,0,'2009-10-31 19:00:00','6','',NULL,NULL,NULL,NULL,'KTVB',1,'',0,290,140,131,92,31684,NULL),(251,39,8,1,35,45,3,0,'2009-11-07 01:00:00','','5',NULL,NULL,NULL,NULL,'ESPN2',1,'',0,114,136,354,153,23240,NULL),(252,40,1,12,63,25,1,0,'2009-11-14 20:30:00','6','',NULL,NULL,NULL,NULL,'ESPNu',1,'',0,310,148,305,209,33986,NULL),(253,41,11,1,21,52,5,0,'2009-11-21 02:30:00','','6',NULL,NULL,NULL,NULL,'ESPN2',1,'',0,226,137,249,323,18777,NULL),(254,42,1,7,44,33,1,0,'2009-11-28 03:08:00','6','',NULL,NULL,NULL,NULL,'ESPN2',1,'',0,262,165,141,242,32642,NULL),(255,43,1,6,42,7,1,0,'2009-12-05 20:00:00','6','',NULL,NULL,NULL,NULL,'KTVB',1,'48',0,288,256,49,142,32308,NULL),(256,31,29,82,38,36,NULL,0,'2009-09-13 02:15:00','','',NULL,NULL,NULL,NULL,'',1,'',0,163,193,281,170,57772,NULL),(257,32,29,42,31,24,16,0,'2009-09-19 19:30:00','','18',NULL,NULL,NULL,NULL,'ESPN',1,'',0,95,219,183,118,58017,NULL),(258,33,29,33,42,3,NULL,0,'2009-09-26 19:30:00','','6',NULL,NULL,NULL,NULL,'',1,'',0,288,236,130,77,58975,NULL),(259,34,29,34,52,6,NULL,0,'2009-10-03 19:00:00','16','',NULL,NULL,NULL,NULL,'',1,'',0,196,318,51,107,57378,NULL),(260,35,26,29,10,24,NULL,0,'2009-10-10 19:00:00','','13',NULL,NULL,NULL,NULL,'',1,'',0,145,66,82,221,77819,NULL),(261,37,3,29,19,43,NULL,0,'2009-10-24 19:00:00','','12',NULL,NULL,NULL,NULL,'',1,'',0,268,125,168,266,0,NULL),(262,38,29,27,47,20,NULL,0,'2009-11-01 00:00:00','10','4',NULL,NULL,NULL,NULL,'',1,'',0,222,391,187,140,59592,NULL),(263,39,31,29,51,42,NULL,0,'2009-11-07 20:00:00','','7',NULL,NULL,NULL,NULL,'',1,'',0,251,254,335,235,0,NULL),(264,40,29,28,44,21,NULL,0,'2009-11-14 20:00:00','13','',NULL,NULL,NULL,NULL,'',1,'',0,120,268,127,84,58475,NULL),(265,41,30,29,41,44,NULL,0,'2009-11-21 20:00:00','','',NULL,NULL,NULL,NULL,'',1,'',0,314,126,284,175,0,NULL),(266,43,29,32,37,33,NULL,0,'2009-12-04 02:00:00','7','13',NULL,NULL,NULL,NULL,'',1,'',0,201,288,306,83,59597,NULL),(267,30,6,12,6,21,10,0,'2009-09-06 00:00:00','','',NULL,NULL,NULL,NULL,'',1,'',0,235,107,179,171,16772,NULL),(268,31,6,102,21,18,10,0,'2009-09-13 00:00:00','','',NULL,NULL,NULL,NULL,'',1,'',0,63,241,135,146,15902,NULL),(269,32,6,54,12,38,10,0,'2009-09-20 00:00:00','','',NULL,NULL,NULL,NULL,'',1,'',0,97,187,282,156,20439,NULL),(270,33,38,6,20,17,NULL,0,'2009-09-27 02:00:00','','',NULL,NULL,NULL,NULL,'',1,'',0,206,150,96,122,35248,NULL),(271,34,41,6,34,17,NULL,0,'2009-10-04 00:00:00','','',NULL,NULL,NULL,NULL,'',1,'',0,144,108,146,88,21184,NULL),(272,35,6,11,20,17,10,0,'2009-10-11 00:00:00','','',NULL,NULL,NULL,NULL,'',1,'',0,81,149,171,258,15283,NULL),(273,36,8,6,45,7,3,0,'2009-10-17 22:00:00','','',NULL,NULL,NULL,NULL,'',1,'',0,225,315,68,74,20773,NULL),(274,37,6,9,3,34,10,0,'2009-10-25 00:00:00','','',NULL,NULL,NULL,NULL,'',1,'',0,45,238,221,189,18893,NULL),(275,38,25,6,45,0,NULL,0,'2009-10-31 16:00:00','17','',NULL,NULL,NULL,NULL,'',1,'',0,249,310,22,40,104719,NULL),(276,40,13,6,24,6,6,0,'2009-11-15 03:05:00','','',NULL,NULL,NULL,NULL,'',1,'',0,366,119,111,133,32628,NULL),(277,41,6,7,20,63,10,0,'2009-11-22 01:00:00','','',NULL,NULL,NULL,NULL,'',1,'',0,77,155,96,574,11775,NULL),(278,42,10,6,13,10,12,0,'2009-11-29 01:00:00','','',NULL,NULL,NULL,NULL,'',1,'',0,176,117,51,167,0,NULL),(279,30,13,56,25,20,6,0,'2009-09-05 01:05:00','','',NULL,NULL,NULL,NULL,'',1,'',0,304,111,186,84,33298,NULL),(280,31,34,13,20,38,NULL,0,'2009-09-12 06:00:00','','',NULL,NULL,NULL,NULL,'',1,'',0,227,176,489,137,42912,NULL),(281,32,40,13,34,33,NULL,0,'2009-09-20 03:00:00','','',NULL,NULL,NULL,NULL,'',1,'',0,340,120,477,28,29717,NULL),(282,34,8,13,27,6,NULL,0,'2009-10-01 01:05:00','','',NULL,NULL,NULL,NULL,'',1,'',0,97,352,308,-7,21263,NULL),(283,35,13,9,17,42,6,0,'2009-10-11 03:05:00','','',NULL,NULL,NULL,NULL,'',1,'',0,283,85,135,277,38556,NULL),(284,36,12,13,35,23,NULL,0,'2009-10-17 20:00:00','','',NULL,NULL,NULL,NULL,'ESPNR',1,'',0,229,195,380,77,12763,NULL),(285,38,7,13,31,21,NULL,0,'2009-10-31 20:05:00','','',NULL,NULL,NULL,NULL,'',1,'',0,184,312,378,114,0,NULL),(286,39,13,11,49,36,6,0,'2009-11-08 03:05:00','','',NULL,NULL,NULL,NULL,'',1,'',0,337,360,344,102,31499,NULL),(287,41,10,13,10,17,NULL,1,'2009-11-22 00:00:00','','',NULL,NULL,NULL,NULL,'',1,'',0,145,132,299,106,18327,NULL),(288,42,13,103,24,17,NULL,0,'2009-11-29 01:05:00','','',NULL,NULL,NULL,NULL,'ESPNU',1,'',0,366,62,88,248,40643,NULL),(289,43,13,91,10,51,6,0,'2009-12-06 04:30:00','','',NULL,NULL,NULL,NULL,'ESPN2',1,'',0,197,17,253,301,40069,NULL),(290,30,104,7,35,0,NULL,0,'2009-09-06 05:30:00','23','',NULL,NULL,NULL,NULL,'',1,'',0,332,178,154,153,80795,NULL),(291,32,44,7,35,20,NULL,0,'2009-09-19 21:00:00','','',NULL,NULL,NULL,NULL,'',1,'',0,190,179,251,169,24967,NULL),(292,33,7,88,21,31,NULL,0,'2009-09-26 00:00:00','','',NULL,NULL,NULL,NULL,'espn',1,'',0,146,218,414,78,18269,NULL),(293,34,7,40,63,28,NULL,0,'2009-10-03 19:05:00','','',NULL,NULL,NULL,NULL,'',1,'',0,214,559,276,70,24078,NULL),(294,35,7,8,37,14,NULL,0,'2009-10-10 00:00:00','','',NULL,NULL,NULL,NULL,'ESPN',1,'',0,166,345,129,127,11975,NULL),(295,36,11,7,32,35,NULL,0,'2009-10-18 05:00:00','','',NULL,NULL,NULL,NULL,'',1,'',0,353,74,189,313,15103,NULL),(296,37,7,12,70,45,NULL,0,'2009-10-24 20:05:00','','',NULL,NULL,NULL,NULL,'GVN',1,'',0,178,484,404,90,16611,NULL),(297,40,10,7,7,62,NULL,0,'2009-11-09 01:30:00','','',NULL,NULL,NULL,NULL,'',1,'',0,238,30,148,517,11103,NULL),(298,40,7,9,52,14,NULL,0,'2009-11-14 21:05:00','','',NULL,NULL,NULL,NULL,'',1,'',0,45,461,362,112,19331,NULL),(299,31,3,12,42,23,NULL,0,'2009-09-13 05:30:00','','',NULL,NULL,NULL,NULL,'',1,'',0,253,121,349,63,58980,NULL),(300,32,12,41,34,20,NULL,0,'2009-09-19 21:00:00','','',NULL,NULL,NULL,NULL,'',1,'',0,232,147,241,55,10324,NULL),(301,33,70,12,31,34,NULL,0,'2009-09-27 05:30:00','','',NULL,NULL,NULL,NULL,'',1,'',0,184,128,270,207,16320,NULL),(302,34,12,44,31,29,NULL,0,'2009-10-03 20:00:00','','',NULL,NULL,NULL,NULL,'ESPNU',1,'',0,333,70,297,139,16000,NULL),(303,35,10,12,25,29,NULL,0,'2009-10-11 00:00:00','','',NULL,NULL,NULL,NULL,'GVN',1,'',0,299,48,227,274,15321,NULL),(304,38,12,8,35,34,NULL,0,'2009-10-31 21:00:00','','',NULL,NULL,NULL,NULL,'ESPNR',1,'',0,326,136,329,218,15236,NULL),(305,39,12,9,21,31,NULL,0,'2009-11-08 03:30:00','','',NULL,NULL,NULL,NULL,'ESPNU',1,'',0,240,230,159,181,12418,NULL),(306,42,12,11,49,52,NULL,0,'2009-11-28 21:00:00','','',NULL,NULL,NULL,NULL,'ESPNR',1,'',0,395,135,376,163,8532,NULL),(307,30,105,101,13,37,NULL,0,'2009-09-05 01:00:00','','',NULL,NULL,NULL,NULL,'',1,'',0,325,39,211,201,27638,NULL),(308,31,38,101,10,44,NULL,0,'2009-09-13 01:00:00','','',NULL,NULL,NULL,NULL,'',1,'',0,116,55,338,151,30051,NULL),(309,32,61,101,45,0,NULL,0,'2009-09-20 01:00:00','12','',NULL,NULL,NULL,NULL,'',1,'',0,336,193,153,116,0,NULL),(310,33,101,106,56,3,NULL,0,'2009-09-27 00:00:00','','',NULL,NULL,NULL,NULL,'',1,'',0,278,238,100,141,26048,NULL),(311,34,48,101,10,27,NULL,0,'2009-10-04 00:30:00','','',NULL,NULL,NULL,NULL,'',1,'',0,144,47,251,134,11420,NULL),(312,37,54,101,28,24,NULL,0,'2009-10-22 01:00:00','','',NULL,NULL,NULL,NULL,'',1,'',0,272,173,224,203,0,NULL),(313,38,101,107,13,27,NULL,0,'2009-10-31 19:00:00','','',NULL,NULL,NULL,NULL,'',1,'',0,216,106,354,75,21714,NULL),(314,39,101,108,45,46,NULL,0,'2009-11-08 01:30:00','','13',NULL,NULL,NULL,NULL,'',1,'',0,334,200,522,173,20243,NULL),(315,40,101,47,17,44,NULL,0,'2009-11-16 02:15:00','','',NULL,NULL,NULL,NULL,'',1,'',0,236,30,275,242,17453,NULL),(316,41,5,101,44,34,NULL,0,'2009-11-21 21:30:00','','',NULL,NULL,NULL,NULL,'',1,'',0,276,163,396,193,28757,NULL),(317,42,101,53,33,30,NULL,0,'2009-11-27 21:30:00','','',NULL,NULL,NULL,NULL,'',1,'',0,268,148,94,268,19552,NULL),(318,30,9,69,51,0,NULL,0,'2009-09-06 01:00:00','','',NULL,NULL,NULL,NULL,'',1,'',0,201,310,188,43,37267,NULL),(319,31,91,9,34,31,NULL,1,'2009-09-12 15:00:00','','',NULL,NULL,NULL,NULL,'',1,'',0,225,188,289,179,80353,NULL),(320,33,95,9,28,20,NULL,0,'2009-09-26 06:00:00','14','',NULL,NULL,NULL,NULL,'',1,'',0,300,57,153,290,32910,NULL),(321,35,9,10,41,21,NULL,0,'2009-10-18 01:00:00','','',NULL,NULL,NULL,NULL,'',1,'',0,124,302,221,124,35495,NULL),(322,37,9,11,31,27,NULL,0,'2009-10-31 21:00:00','','',NULL,NULL,NULL,NULL,'',1,'',0,0,0,0,0,0,NULL),(323,40,9,8,30,28,NULL,0,'2009-11-21 21:00:00','','',NULL,NULL,NULL,NULL,'',1,'',0,182,176,206,230,31769,NULL),(324,43,109,9,52,53,NULL,0,'2009-12-05 16:30:00','','',NULL,NULL,NULL,NULL,'',1,'',0,217,331,183,233,48538,NULL),(325,30,110,11,35,17,NULL,0,'2009-09-04 01:00:00','19','',NULL,NULL,NULL,NULL,'',1,'',0,286,233,121,221,45333,NULL),(326,32,59,11,38,30,NULL,0,'2009-09-19 23:00:00','','',NULL,NULL,NULL,NULL,'',1,'',0,322,251,334,187,73599,NULL),(327,32,11,111,53,34,NULL,0,'2009-09-27 00:00:00','','',NULL,NULL,NULL,NULL,'',1,'',0,345,259,262,105,18472,NULL),(328,34,43,11,35,17,NULL,0,'2009-10-03 01:00:00','20','',NULL,NULL,NULL,NULL,'',1,'',0,218,213,213,109,64103,NULL),(329,40,11,10,24,9,NULL,0,'2009-11-14 20:00:00','','',NULL,NULL,NULL,NULL,'',1,'',0,50,381,245,56,13276,NULL),(330,37,11,8,23,21,NULL,0,'2009-10-24 19:00:00','','',NULL,NULL,NULL,NULL,'',1,'',0,188,157,155,118,14229,NULL),(332,30,27,10,56,3,NULL,0,'2009-09-05 18:30:00','4','',NULL,NULL,NULL,NULL,'',1,'',0,278,342,112,9,84325,NULL),(333,31,10,110,14,24,NULL,0,'2009-09-13 01:30:00','','17',NULL,NULL,NULL,NULL,'',1,'',0,242,22,248,251,23684,NULL),(334,32,31,10,42,17,NULL,0,'2009-09-20 01:00:00','','',NULL,NULL,NULL,NULL,'',1,'',0,171,211,204,24,33560,NULL),(335,33,10,14,19,9,NULL,0,'2009-09-26 23:00:00','','',NULL,NULL,NULL,NULL,'',1,'',0,172,242,135,179,13510,NULL),(336,43,10,8,20,55,NULL,0,'2009-12-05 20:00:00','','',NULL,NULL,NULL,NULL,'',1,'',0,0,0,0,0,0,NULL),(337,30,64,8,37,13,NULL,0,'2009-09-05 06:00:00','','',NULL,NULL,NULL,NULL,'',1,'',0,255,301,149,96,81143,NULL),(338,31,103,8,32,14,NULL,0,'2009-09-12 21:30:00','','',NULL,NULL,NULL,NULL,'',1,'',0,103,290,156,11,29102,NULL),(339,32,8,68,48,13,NULL,0,'2009-09-19 23:00:00','','',NULL,NULL,NULL,NULL,'',1,'',0,373,185,110,161,19400,NULL),(340,40,58,8,24,16,NULL,0,'2009-11-15 00:00:00','8','',NULL,NULL,NULL,NULL,'',1,'',0,105,141,144,178,92584,NULL),(341,30,77,113,0,42,NULL,0,'2009-09-05 06:00:00','','',NULL,NULL,NULL,NULL,'',1,'',0,126,62,243,245,41037,NULL),(342,32,94,77,48,26,NULL,0,'2009-09-19 06:00:00','','',NULL,NULL,NULL,NULL,'',1,'',0,218,152,362,59,0,NULL),(343,33,78,77,29,19,NULL,0,'2009-09-27 01:00:00','','',NULL,NULL,NULL,NULL,'',1,'',0,77,173,337,215,15235,NULL),(344,34,77,95,13,37,NULL,0,'2009-10-03 19:00:00','','',NULL,NULL,NULL,NULL,'',1,'',0,286,30,270,164,23493,NULL),(345,35,67,77,16,6,10,0,'2009-10-11 05:00:00','','',NULL,NULL,NULL,NULL,'',1,'',0,191,128,176,126,23085,NULL),(346,36,36,77,28,7,NULL,0,'2009-10-17 20:00:00','','',NULL,NULL,NULL,NULL,'',1,'',0,172,226,166,52,20188,NULL),(347,37,77,70,22,27,NULL,0,'2009-10-24 19:00:00','','',NULL,NULL,NULL,NULL,'',1,'',0,348,-11,60,202,9884,NULL),(348,38,77,81,31,24,NULL,0,'2009-10-31 21:30:00','','',NULL,NULL,NULL,NULL,'',1,'',0,344,92,228,216,8757,NULL),(349,39,114,77,34,32,NULL,0,'2009-11-06 02:30:00','','',NULL,NULL,NULL,NULL,'',1,'',0,143,224,426,52,13827,NULL),(350,40,77,71,13,35,NULL,0,'2009-11-13 01:00:00','','',NULL,NULL,NULL,NULL,'',1,'',0,259,36,203,146,8935,NULL),(351,41,77,80,17,42,NULL,0,'2009-11-18 07:00:00','','',NULL,NULL,NULL,NULL,'',1,'',1,295,90,166,240,7983,NULL),(352,31,69,115,10,17,NULL,0,'2009-09-13 00:00:00','','',NULL,NULL,NULL,NULL,'',1,'',0,362,43,226,86,9087,NULL),(353,33,69,116,29,13,NULL,0,'2009-09-27 00:00:00','','',NULL,NULL,NULL,NULL,'',1,'',0,225,60,199,48,10078,NULL),(354,NULL,NULL,NULL,0,0,NULL,0,NULL,NULL,NULL,NULL,NULL,NULL,NULL,NULL,0,NULL,0,0,0,0,0,0,NULL),(355,30,71,117,31,14,NULL,0,'2009-09-05 19:00:00','','',NULL,NULL,NULL,NULL,'',1,'',0,339,50,263,41,14514,NULL),(356,31,88,71,27,20,NULL,0,'2009-09-12 19:00:00','','',NULL,NULL,NULL,NULL,'',1,'',0,172,181,206,114,65401,NULL),(357,32,50,71,17,10,NULL,0,'2009-09-19 23:00:00','','',NULL,NULL,NULL,NULL,'',1,'',0,100,246,383,10,23029,NULL),(358,34,71,36,37,44,NULL,0,'2009-10-03 20:00:00','','',NULL,NULL,NULL,NULL,'',1,'',0,390,84,203,216,14071,NULL),(359,35,78,71,35,36,NULL,0,'2009-10-10 19:30:00','','',NULL,NULL,NULL,NULL,'',1,'',0,141,202,505,43,15211,NULL),(360,36,112,71,17,31,NULL,0,'2009-10-17 16:00:00','','',NULL,NULL,NULL,NULL,'',1,'',0,131,273,376,79,10192,NULL),(361,37,71,97,10,24,NULL,0,'2009-10-24 16:00:00','','',NULL,NULL,NULL,NULL,'',1,'',0,343,20,147,259,10042,NULL),(362,38,80,71,29,30,NULL,0,'2009-11-04 00:00:00','','',NULL,NULL,NULL,NULL,'',1,'',0,149,262,313,48,13202,NULL),(363,40,71,76,36,20,NULL,0,'2009-11-20 22:30:00','','',NULL,NULL,NULL,NULL,'',1,'',0,338,136,259,171,9163,NULL),(364,41,71,81,38,24,NULL,0,'2009-11-27 07:00:00','','',NULL,NULL,NULL,NULL,'',1,'',1,137,152,326,159,14075,NULL),(365,34,118,69,23,24,NULL,0,'2009-10-10 23:05:00','','',NULL,NULL,NULL,NULL,'',1,'',0,311,165,380,62,9884,NULL),(366,35,69,119,45,14,NULL,0,'2009-10-18 01:00:00','','',NULL,NULL,NULL,NULL,'',1,'',0,220,92,152,106,10289,NULL),(367,36,20,69,31,34,NULL,0,'2009-10-24 20:05:00','','',NULL,NULL,NULL,NULL,'',1,'',0,135,102,341,143,5180,NULL),(368,37,111,69,56,35,NULL,0,'2009-10-31 19:00:00','','',NULL,NULL,NULL,NULL,'',1,'',0,248,103,229,244,3035,NULL),(369,38,69,14,23,10,NULL,0,'2009-11-07 21:00:00','','',NULL,NULL,NULL,NULL,'',1,'',0,278,99,120,179,10849,NULL),(370,39,69,120,28,20,NULL,0,'2009-11-14 21:00:00','','',NULL,NULL,NULL,NULL,'',1,'',0,284,94,139,126,9239,NULL),(371,40,69,17,28,31,NULL,0,'2009-11-21 22:05:00','','',NULL,NULL,NULL,NULL,'',1,'',0,284,62,307,84,17127,NULL),(372,46,37,1,10,17,NULL,0,'2010-01-05 01:00:00','3','6',NULL,NULL,NULL,NULL,'FOX',1,'',0,0,0,0,0,0,NULL),(373,46,12,71,43,42,1,0,'2009-12-30 21:30:00','','',NULL,NULL,NULL,NULL,'ESPN',1,'',0,240,212,388,150,26726,NULL),(374,46,4,9,35,28,NULL,0,'2009-12-19 21:30:00','','',NULL,NULL,NULL,NULL,'ESPN',1,'',0,204,234,169,197,24898,NULL),(375,46,107,7,45,10,NULL,0,'2009-12-25 01:00:00','','',NULL,NULL,NULL,NULL,'ESPN',1,'',0,460,74,177,137,32650,NULL),(376,30,35,37,14,30,NULL,0,'2009-09-12 23:30:00','','',NULL,NULL,NULL,NULL,'',1,'',0,120,57,177,203,48336,NULL),(377,31,37,121,56,21,20,0,'2009-09-19 20:00:00','','',NULL,NULL,NULL,NULL,'',1,'',0,222,286,219,30,35249,NULL),(378,32,122,37,10,14,NULL,0,'2009-09-26 23:05:00','','',NULL,NULL,NULL,NULL,'',1,'',0,192,117,226,162,70000,NULL),(379,33,37,107,39,14,NULL,0,'2009-10-03 20:00:00','','',NULL,NULL,NULL,NULL,'',1,'',0,189,229,240,-16,37130,NULL),(380,34,39,37,17,20,NULL,0,'2009-10-10 20:00:00','','',NULL,NULL,NULL,NULL,'',1,'',0,58,229,198,195,30104,NULL),(381,35,37,44,44,6,NULL,0,'2009-10-17 20:00:00','','',NULL,NULL,NULL,NULL,'',1,'',0,224,275,112,70,31156,NULL),(382,36,43,37,7,38,NULL,0,'2009-10-24 20:00:00','','',NULL,NULL,NULL,NULL,'',1,'',0,188,110,285,127,64641,NULL),(383,37,37,40,41,0,NULL,0,'2009-10-31 20:00:00','','',NULL,NULL,NULL,NULL,'',1,'',0,188,390,42,118,33541,NULL),(384,38,41,37,12,55,NULL,0,'2009-11-07 21:00:00','','',NULL,NULL,NULL,NULL,'',1,'',0,187,92,239,312,21708,NULL),(385,39,37,110,55,28,NULL,0,'2009-11-14 17:00:00','','',NULL,NULL,NULL,NULL,'',1,'',0,207,342,219,65,50307,NULL),(386,40,4,37,10,45,NULL,0,'2009-11-21 22:00:00','','',NULL,NULL,NULL,NULL,'',1,'',0,94,84,168,339,15031,NULL),(387,41,37,38,51,10,NULL,0,'2009-11-28 17:00:00','','',NULL,NULL,NULL,NULL,'',1,'',0,228,202,162,10,41738,NULL),(388,46,29,25,17,26,NULL,0,'2010-01-01 21:30:00','7','8',NULL,NULL,NULL,NULL,'ABC',1,'',0,0,0,0,0,0,NULL),(389,47,1,123,33,30,NULL,0,'2010-09-07 00:00:00','3','10',NULL,NULL,NULL,NULL,'ESPN',1,'',0,0,0,0,0,0,NULL),(390,49,4,1,6,51,NULL,0,'2010-09-19 00:00:00','','3',NULL,NULL,NULL,NULL,'CBSCS',1,'',0,0,0,0,0,0,NULL),(391,50,1,32,37,24,NULL,0,'2010-09-26 00:00:00','3','24',NULL,NULL,NULL,NULL,'ABC',1,'',0,0,0,0,0,0,NULL),(392,51,6,1,0,59,NULL,0,'2010-10-03 00:00:00','','3',NULL,NULL,NULL,NULL,'KTVB',1,'',0,0,0,0,0,0,NULL),(393,52,1,81,57,14,NULL,0,'2010-10-10 00:00:00','4','',NULL,NULL,NULL,NULL,'KTVB',1,'',0,0,0,0,0,0,NULL),(394,52,10,1,0,48,NULL,0,'2010-10-17 00:00:00','','3',NULL,NULL,NULL,NULL,'KTVB',1,'',0,0,0,0,0,0,''),(395,53,1,8,49,20,NULL,0,'2010-10-27 00:00:00','2','',NULL,NULL,NULL,NULL,'ESPN2',1,'',0,0,0,0,0,0,''),(396,54,1,13,42,7,NULL,0,'2010-11-06 19:30:00','2','',NULL,NULL,NULL,NULL,'ESPNU',1,'',0,0,0,0,0,0,''),(397,55,12,1,14,52,NULL,0,'2010-11-13 02:00:00','','4',NULL,NULL,NULL,NULL,'ESPN2',1,'',0,0,0,0,0,0,''),(398,56,1,9,51,0,NULL,0,'2010-11-20 02:30:00','3','',NULL,NULL,NULL,NULL,'ESPN2',1,'',0,0,0,0,0,0,''),(399,57,7,1,34,31,NULL,1,'2010-11-27 03:21:00','19','3',NULL,NULL,NULL,NULL,'ESPN',1,'',0,0,0,0,0,0,''),(400,58,1,11,50,14,NULL,0,'2010-12-04 20:00:00','9','',NULL,NULL,NULL,NULL,'KTVB',1,'',0,0,0,0,0,0,''),(401,47,13,27,36,49,NULL,0,'2010-09-03 03:00:00','','14',NULL,NULL,NULL,NULL,'ESPN',1,'',0,0,0,0,0,0,NULL),(402,48,85,13,28,31,NULL,0,'2010-09-11 16:00:00','','',NULL,NULL,NULL,NULL,'',1,'',0,0,0,0,0,0,NULL),(403,49,99,13,31,13,NULL,0,'2010-09-18 19:30:00','','',NULL,NULL,NULL,NULL,'FoxCS',1,'',0,0,0,0,0,0,NULL),(404,50,13,62,66,7,NULL,0,'2010-09-26 03:30:00','','',NULL,NULL,NULL,NULL,'ESPN3',1,'',0,0,0,0,0,0,NULL),(405,51,13,8,41,21,NULL,0,'2010-10-03 03:30:00','','',NULL,NULL,NULL,NULL,'OPPV',1,'',0,0,0,0,0,0,NULL),(406,52,9,13,27,49,NULL,0,'2010-10-10 02:00:00','','',NULL,NULL,NULL,NULL,'',1,'',0,0,0,0,0,0,NULL),(407,53,13,7,27,21,NULL,0,'2010-10-17 03:30:00','','19',NULL,NULL,NULL,NULL,'ESPN3',1,'',0,0,0,0,0,0,''),(408,54,11,13,7,45,NULL,0,'2010-10-23 21:00:00','','',NULL,NULL,NULL,NULL,'',1,'',0,0,0,0,0,0,''),(409,55,13,12,45,10,NULL,0,'2010-10-31 03:30:00','','',NULL,NULL,NULL,NULL,'',1,'',0,0,0,0,0,0,''),(410,56,13,10,41,7,NULL,0,'2010-11-21 04:30:00','','',NULL,NULL,NULL,NULL,'',1,'',0,0,0,0,0,0,''),(411,57,6,13,24,59,NULL,0,'2010-11-28 01:00:00','','',NULL,NULL,NULL,NULL,'',1,'',0,0,0,0,0,0,''),(412,59,13,40,59,21,NULL,0,'2010-12-05 03:30:00','25','',NULL,NULL,NULL,NULL,'',1,'',0,0,0,0,0,0,''),(413,47,9,95,28,14,NULL,0,'2010-09-05 02:00:00','','',NULL,NULL,NULL,NULL,'ESPN2',1,'',0,0,0,0,0,0,NULL),(414,49,11,9,24,41,NULL,0,'2010-09-19 00:00:00','','',NULL,NULL,NULL,NULL,'WACSN',1,'',0,0,0,0,0,0,NULL),(415,50,57,9,55,38,NULL,0,'2010-09-25 23:30:00','','',NULL,NULL,NULL,NULL,'ESPN3',1,'',0,0,0,0,0,0,NULL),(416,51,9,14,38,17,NULL,0,'2010-10-03 02:00:00','','',NULL,NULL,NULL,NULL,'',1,'',0,0,0,0,0,0,NULL),(417,54,9,6,33,10,NULL,0,'2010-10-17 02:00:00','','',NULL,NULL,NULL,NULL,'',1,'',0,0,0,0,0,0,''),(418,55,10,9,18,33,NULL,0,'2010-10-24 00:00:00','','',NULL,NULL,NULL,NULL,'',1,'',0,0,0,0,0,0,''),(419,56,8,9,34,40,NULL,0,'2010-11-06 20:00:00','','',NULL,NULL,NULL,NULL,'',1,'',0,0,0,0,0,0,''),(420,57,9,7,34,35,NULL,0,'2010-11-14 03:30:00','','21',NULL,NULL,NULL,NULL,'ESPN',1,'',0,0,0,0,0,0,''),(421,58,9,12,23,20,NULL,0,'2010-11-28 03:00:00','','',NULL,NULL,NULL,NULL,'WACSN',1,'',0,0,0,0,0,0,''),(422,60,9,109,25,23,NULL,0,'2010-12-04 03:15:00','','',NULL,NULL,NULL,NULL,'ESPN2',1,'',0,0,0,0,0,0,''),(423,47,12,120,45,0,NULL,0,'2010-09-03 01:00:00','','',NULL,NULL,NULL,NULL,'Altitude',1,'',0,0,0,0,0,0,NULL),(424,48,66,12,38,17,NULL,0,'2010-09-11 16:30:00','6','',NULL,NULL,NULL,NULL,'',1,'',0,0,0,0,0,0,NULL),(425,49,12,40,30,7,NULL,0,'2010-09-19 02:30:00','','',NULL,NULL,NULL,NULL,'ESPNU',1,'',0,0,0,0,0,0,NULL),(426,50,44,12,36,34,NULL,0,'2010-09-25 20:00:00','','',NULL,NULL,NULL,NULL,'',1,'',0,0,0,0,0,0,NULL),(427,51,94,12,13,33,NULL,0,'2010-10-02 18:00:00','','',NULL,NULL,NULL,NULL,'WACSN',1,'',0,0,0,0,0,0,NULL),(428,52,8,12,48,35,NULL,0,'2010-10-16 20:00:00','','',NULL,NULL,NULL,NULL,'',1,'',0,0,0,0,0,0,''),(429,53,12,6,37,14,NULL,0,'2010-10-23 21:00:00','','',NULL,NULL,NULL,NULL,'',1,'',0,0,0,0,0,0,''),(430,55,12,7,17,63,NULL,0,'2010-11-06 21:00:00','','25',NULL,NULL,NULL,NULL,'WACSN',1,'',0,0,0,0,0,0,''),(431,57,11,12,6,28,NULL,0,'2010-11-20 20:00:00','','',NULL,NULL,NULL,NULL,'',1,'',0,0,0,0,0,0,''),(432,59,12,10,26,23,NULL,1,'2010-12-04 22:00:00','','',NULL,NULL,NULL,NULL,'',1,'',0,0,0,0,0,0,''),(433,47,43,3,23,17,NULL,0,'2010-09-04 23:00:00','','',NULL,NULL,NULL,NULL,'CBSCS',1,'',0,0,0,0,0,0,'302470252'),(434,49,124,43,34,10,NULL,0,'2010-09-18 19:30:00','','',NULL,NULL,NULL,NULL,'ESPNU',1,'',0,0,0,0,0,0,'302610052'),(435,50,43,7,13,27,NULL,0,'2010-09-25 22:00:00','','',NULL,NULL,NULL,NULL,'MTN',1,'',0,0,0,0,0,0,'302680252'),(436,51,11,43,31,16,NULL,0,'2010-10-02 00:00:00','','',NULL,NULL,NULL,NULL,'ESPN',1,'',0,0,0,0,0,0,'302740328'),(437,48,39,43,35,14,NULL,0,'2010-09-11 20:00:00','','',NULL,NULL,NULL,NULL,'VS',1,'',0,0,0,0,0,0,'302542005'),(438,52,43,41,24,21,NULL,0,'2010-10-09 22:00:00','','',NULL,NULL,NULL,NULL,'MTN',1,'',0,0,0,0,0,0,'302820252'),(439,54,37,43,31,3,NULL,0,'2010-10-16 20:00:00','4','',NULL,NULL,NULL,NULL,'VS',1,'',0,0,0,0,0,0,'302892628'),(440,56,43,4,25,20,NULL,0,'2010-10-23 18:00:00','','',NULL,NULL,NULL,NULL,'MTN',1,'',0,0,0,0,0,0,'302960252'),(441,58,43,40,55,7,NULL,0,'2010-11-06 18:00:00','','',NULL,NULL,NULL,NULL,'MTN',1,'',0,0,0,0,0,0,'303100252'),(442,59,44,43,10,49,NULL,0,'2010-11-13 19:00:00','','',NULL,NULL,NULL,NULL,'MTN',1,'',0,0,0,0,0,0,'303170036'),(443,60,43,38,40,7,NULL,0,'2010-11-20 23:00:00','','',NULL,NULL,NULL,NULL,'MTN',1,'',0,0,0,0,0,0,'303240252'),(444,62,110,43,17,16,NULL,0,'2010-11-27 20:30:00','23','',NULL,NULL,NULL,NULL,'MTN',1,'',0,0,0,0,0,0,'303310254'),(445,63,54,43,24,52,NULL,0,'2010-12-18 19:00:00','','',NULL,NULL,NULL,NULL,'ESPN',1,NULL,0,0,0,0,0,0,'303522638'),(446,63,101,13,62,35,NULL,0,'2010-12-25 01:00:00','','24',NULL,NULL,NULL,NULL,'ESPN',1,NULL,0,0,0,0,0,0,''),(447,63,9,70,17,40,NULL,0,'2010-12-18 22:30:00','','',NULL,NULL,NULL,NULL,'ESPN',1,NULL,0,0,0,0,0,0,''),(448,63,1,42,26,3,NULL,0,'2010-12-23 01:00:00','10','20',NULL,NULL,NULL,NULL,'ESPN',1,NULL,0,0,0,0,0,0,''),(449,64,125,43,13,14,NULL,0,'2011-09-03 20:45:00','','',NULL,NULL,NULL,NULL,'ESPN',1,NULL,0,0,0,0,0,0,'312460145'),(450,65,126,43,17,16,NULL,0,'2011-09-10 23:00:00','24','',NULL,NULL,NULL,NULL,'ESPN2',1,NULL,0,0,0,0,0,0,'312530251'),(451,66,43,110,10,54,NULL,0,'2011-09-18 01:15:00','','',NULL,NULL,NULL,NULL,'ESPN2',1,NULL,0,0,0,0,0,0,'312600252'),(452,67,43,98,24,17,NULL,0,'2011-09-24 00:00:00','','',NULL,NULL,NULL,NULL,'ESPN',1,NULL,0,0,0,0,0,0,'312660252'),(453,68,43,11,27,24,NULL,0,'2011-10-01 00:00:00','','',NULL,NULL,NULL,NULL,'ESPN',1,NULL,0,0,0,0,0,0,'312730252'),(454,69,43,10,29,16,NULL,0,'2011-10-09 02:15:00','','',NULL,NULL,NULL,NULL,'ESPNU',1,NULL,0,0,0,0,0,0,'312810252'),(455,70,32,43,28,38,NULL,0,'2011-10-15 20:00:00','','',NULL,NULL,NULL,NULL,'FCSP',1,NULL,0,0,0,0,0,0,'312880204'),(456,71,43,21,56,3,NULL,0,'2011-10-22 19:00:00','','',NULL,NULL,NULL,NULL,'BYUTV',1,NULL,0,0,0,0,0,0,'312950252'),(457,72,37,43,38,28,NULL,0,'2011-10-29 00:00:00','','',NULL,NULL,NULL,NULL,'ESPN',1,NULL,0,0,0,0,0,0,'313012628'),(458,74,43,12,42,7,NULL,0,'2011-11-13 02:15:00','','',NULL,NULL,NULL,NULL,'ESPN2',1,NULL,0,0,0,0,0,0,'313150252'),(459,75,43,6,42,7,NULL,0,'2011-11-20 03:15:00','','',NULL,NULL,NULL,NULL,'ESPNU',1,NULL,0,0,0,0,0,0,'313220252'),(460,76,13,43,20,41,NULL,0,'2011-12-04 00:30:00','','',NULL,NULL,NULL,NULL,'ESPN2',1,NULL,0,0,0,0,0,0,'313370062'),(461,64,127,1,21,35,NULL,0,'2011-09-04 00:00:00','19','5',NULL,NULL,NULL,NULL,'ESPN',1,NULL,0,0,0,0,0,0,'312460061'),(462,66,81,1,15,40,NULL,0,'2011-09-17 00:00:00','','4',NULL,NULL,NULL,NULL,'ESPN2',1,NULL,0,0,0,0,0,0,''),(463,67,1,101,41,21,NULL,0,'2011-09-25 00:00:00','4','',NULL,NULL,NULL,NULL,'CBSSN',1,NULL,0,0,0,0,0,0,''),(464,69,1,7,30,10,NULL,0,'2011-10-01 18:30:00','4','',NULL,NULL,NULL,NULL,'VS',1,NULL,0,0,0,0,0,0,''),(465,70,9,1,7,57,NULL,0,'2011-10-08 01:00:00','','5',NULL,NULL,NULL,NULL,'ESPN',1,NULL,0,0,0,0,0,0,''),(466,64,13,99,34,17,NULL,0,'2011-09-04 02:15:00','','',NULL,NULL,NULL,NULL,'ESPN2',1,NULL,0,0,0,0,0,0,'312460062'),(467,65,3,13,40,32,NULL,0,'2011-09-10 19:30:00','','',NULL,NULL,NULL,NULL,'',1,NULL,0,0,0,0,0,0,''),(468,66,40,13,40,20,NULL,0,'2011-09-18 02:00:00','','',NULL,NULL,NULL,NULL,'',1,NULL,0,0,0,0,0,0,''),(469,68,13,69,56,14,NULL,0,'2011-09-25 04:00:00','','',NULL,NULL,NULL,NULL,'',1,NULL,0,0,0,0,0,0,''),(470,77,13,105,35,23,NULL,0,'2011-11-27 04:00:00','','',NULL,NULL,NULL,NULL,'',1,NULL,0,0,0,0,0,0,''),(471,64,12,71,15,32,NULL,0,'2011-09-02 01:00:00','','',NULL,NULL,NULL,NULL,'ALT',1,NULL,0,0,0,0,0,0,''),(472,65,12,120,44,14,NULL,0,'2011-09-10 21:00:00','','',NULL,NULL,NULL,NULL,'',1,NULL,0,0,0,0,0,0,''),(473,66,59,12,37,7,NULL,0,'2011-09-17 23:00:00','9','',NULL,NULL,NULL,NULL,'',1,NULL,0,0,0,0,0,0,''),(474,68,35,12,21,20,NULL,0,'2011-10-01 19:30:00','','',NULL,NULL,NULL,NULL,'ESPN3',1,NULL,0,0,0,0,0,0,''),(475,64,33,9,36,21,NULL,0,'2011-09-03 22:00:00','','',NULL,NULL,NULL,NULL,'',1,NULL,0,0,0,0,0,0,''),(476,65,66,9,42,29,NULL,0,'2011-09-10 23:00:00','10','',NULL,NULL,NULL,NULL,'',1,NULL,0,0,0,0,0,0,''),(477,66,9,120,27,22,NULL,0,'2011-09-18 02:00:00','','',NULL,NULL,NULL,NULL,'',1,NULL,0,0,0,0,0,0,''),(478,68,9,125,28,38,NULL,0,'2011-10-02 01:15:00','','',NULL,NULL,NULL,NULL,'ESPN2',1,NULL,0,0,0,0,0,0,''),(479,77,41,9,35,28,NULL,0,'2011-12-04 01:00:00','','',NULL,NULL,NULL,NULL,'',1,NULL,0,0,0,0,0,0,''),(480,69,44,1,13,63,NULL,0,'2011-10-15 22:00:00','','5',NULL,NULL,NULL,NULL,'MTN',1,NULL,0,0,0,0,0,0,''),(481,70,1,39,37,26,NULL,0,'2011-10-22 19:30:00','','',NULL,NULL,NULL,NULL,'VS',1,NULL,0,0,0,0,0,0,''),(482,71,40,1,21,48,NULL,0,'2011-11-06 02:30:00','','5',NULL,NULL,NULL,NULL,'CBSSN',1,NULL,0,0,0,0,0,0,''),(483,72,1,37,35,36,NULL,0,'2011-11-12 20:30:00','5','',NULL,NULL,NULL,NULL,'VS',1,NULL,0,0,0,0,0,0,''),(484,73,41,1,35,52,NULL,0,'2011-11-20 01:00:00','','10',NULL,NULL,NULL,NULL,'CBSSN',1,NULL,0,0,0,0,0,0,''),(485,73,1,4,36,14,NULL,0,'2011-11-26 19:00:00','7','',NULL,NULL,NULL,NULL,'MTN',1,NULL,0,0,0,0,0,0,''),(486,74,1,38,45,0,NULL,0,'2011-12-03 23:00:00','9','',NULL,NULL,NULL,NULL,'MTN',1,NULL,0,0,0,0,0,0,''),(487,69,8,13,26,44,NULL,0,'2011-10-01 23:00:00','','',NULL,NULL,NULL,NULL,'',1,NULL,0,0,0,0,0,0,''),(488,70,10,13,28,27,NULL,0,'2011-10-15 01:00:00','','',NULL,NULL,NULL,NULL,'ESPN',1,NULL,0,0,0,0,0,0,''),(489,71,13,6,45,34,NULL,0,'2011-10-23 04:00:00','','',NULL,NULL,NULL,NULL,'',1,NULL,0,0,0,0,0,0,''),(490,72,12,13,14,16,NULL,0,'2011-10-29 21:00:00','','',NULL,NULL,NULL,NULL,'',1,NULL,0,0,0,0,0,0,''),(491,73,13,11,31,35,NULL,0,'2011-11-06 04:00:00','','',NULL,NULL,NULL,NULL,'',1,NULL,0,0,0,0,0,0,''),(492,74,7,13,42,28,NULL,0,'2011-11-13 03:15:00','','',NULL,NULL,NULL,NULL,'ESPNU',1,NULL,0,0,0,0,0,0,''),(493,75,13,9,21,24,NULL,0,'2011-11-20 03:00:00','','',NULL,NULL,NULL,NULL,'',1,NULL,0,0,0,0,0,0,''),(494,71,12,9,24,48,NULL,0,'2011-09-24 21:00:00','','',NULL,NULL,NULL,NULL,'',1,NULL,0,0,0,0,0,0,''),(495,72,9,11,31,21,NULL,0,'2011-10-16 02:00:00','','',NULL,NULL,NULL,NULL,'',1,NULL,0,0,0,0,0,0,''),(496,73,7,9,45,38,NULL,0,'2011-10-22 19:05:00','','',NULL,NULL,NULL,NULL,'',1,NULL,0,0,0,0,0,0,''),(497,74,9,8,21,41,NULL,0,'2011-11-06 02:30:00','','',NULL,NULL,NULL,NULL,'ESPNU',1,NULL,0,0,0,0,0,0,''),(498,75,6,9,48,45,NULL,0,'2011-11-13 01:00:00','','',NULL,NULL,NULL,NULL,'',1,NULL,0,0,0,0,0,0,''),(499,75,9,10,24,27,NULL,0,'2011-11-27 01:00:00','','',NULL,NULL,NULL,NULL,'',1,NULL,0,0,0,0,0,0,''),(500,72,12,8,11,24,NULL,0,'2011-10-08 21:00:00','','',NULL,NULL,NULL,NULL,'',1,NULL,0,0,0,0,0,0,''),(501,71,6,12,31,24,NULL,0,'2011-10-16 00:00:00','','',NULL,NULL,NULL,NULL,'',1,NULL,0,0,0,0,0,0,''),(502,74,10,12,29,32,NULL,0,'2011-11-05 20:00:00','','',NULL,NULL,NULL,NULL,'',1,NULL,0,0,0,0,0,0,''),(503,75,12,11,42,49,NULL,0,'2011-11-19 21:00:00','','',NULL,NULL,NULL,NULL,'',1,NULL,0,0,0,0,0,0,''),(504,76,7,12,56,3,NULL,0,'2011-12-03 21:05:00','','',NULL,NULL,NULL,NULL,'',1,NULL,0,0,0,0,0,0,''),(505,78,1,28,56,24,NULL,0,'2011-12-23 01:00:00','8','',NULL,NULL,NULL,NULL,'ESPN',1,NULL,0,0,0,0,0,0,''),(506,78,101,43,21,24,NULL,0,'2011-12-30 17:00:00','','',NULL,NULL,NULL,NULL,'ESPN',1,NULL,0,0,0,0,0,0,''),(507,79,43,34,30,6,NULL,0,'2012-08-31 02:15:00','','',NULL,NULL,NULL,NULL,'ESPN',1,NULL,0,0,0,0,0,0,'322430252'),(508,80,43,2,45,13,NULL,0,'2012-09-08 19:00:00','','',NULL,NULL,NULL,NULL,'BYUTV',1,NULL,0,0,0,0,0,0,'322520252'),(509,81,110,43,24,21,NULL,0,'2012-09-16 02:00:00','','',NULL,NULL,NULL,NULL,'ESPN2',1,NULL,0,0,0,0,0,0,'322590254'),(510,82,1,43,7,6,NULL,0,'2012-09-21 01:00:00','24','',NULL,NULL,NULL,NULL,'ESPN',1,NULL,0,0,0,0,0,0,'322640068'),(511,83,43,13,47,0,NULL,0,'2012-09-29 00:00:00','','',NULL,NULL,NULL,NULL,'ESPN',1,NULL,0,0,0,0,0,0,'322720252'),(512,84,43,11,6,3,NULL,0,'2012-10-06 02:15:00','','',NULL,NULL,NULL,NULL,'ESPN',1,NULL,0,0,0,0,0,0,'322790252'),(513,85,43,32,24,42,NULL,0,'2012-10-13 19:30:00','','10',NULL,NULL,NULL,NULL,'ABC',1,NULL,0,0,0,0,0,0,'322860252'),(514,86,104,43,17,14,NULL,0,'2012-10-20 19:30:00','5','',NULL,NULL,NULL,NULL,'NBC',1,NULL,0,0,0,0,0,0,'322940087'),(515,87,128,43,17,41,NULL,0,'2012-10-27 19:00:00','','',NULL,NULL,NULL,NULL,'FSN',1,NULL,0,0,0,0,0,0,'323010059'),(516,89,43,12,52,13,NULL,0,'2012-11-11 03:15:00','','',NULL,NULL,NULL,NULL,'ESPNU',1,NULL,0,0,0,0,0,0,'323150252'),(517,90,10,43,20,14,NULL,0,'2012-11-17 21:00:00','','',NULL,NULL,NULL,NULL,'TBA',1,NULL,0,0,0,0,0,0,'323220023'),(518,91,6,43,14,50,NULL,0,'2012-11-24 20:30:00','','',NULL,NULL,NULL,NULL,'TBA',1,NULL,0,0,0,0,0,0,'323290166'),(519,NULL,1,1,0,0,NULL,0,'2012-04-14 06:00:00','','',NULL,NULL,NULL,NULL,'TBA ',0,NULL,1,0,0,0,0,0,''),(520,79,129,1,17,13,NULL,0,'2012-09-01 00:00:00','13','24',NULL,NULL,NULL,NULL,'ESPN',1,NULL,0,0,0,0,0,0,''),(521,81,1,77,39,12,NULL,0,'2012-09-15 20:00:00','','',NULL,NULL,NULL,NULL,'NBCS',1,NULL,0,0,0,0,0,0,''),(522,83,38,1,29,32,NULL,0,'2012-09-29 22:00:00','','24',NULL,NULL,NULL,NULL,'KTVB',1,NULL,0,0,0,0,0,0,''),(523,84,5,1,14,40,NULL,0,'2012-10-06 16:00:00','','',NULL,NULL,NULL,NULL,'FSN',1,NULL,0,0,0,0,0,0,''),(524,85,1,9,20,10,NULL,0,'2012-10-13 19:30:00','24','',NULL,NULL,NULL,NULL,'NBCS',1,NULL,0,0,0,0,0,0,''),(525,86,1,40,32,7,NULL,0,'2012-10-20 19:30:00','24','',NULL,NULL,NULL,NULL,'NBCS',1,NULL,0,0,0,0,0,0,''),(526,86,4,1,14,45,NULL,0,'2012-10-27 19:30:00','','21',NULL,NULL,NULL,NULL,'CBSS',1,NULL,0,0,0,0,0,0,''),(527,87,1,41,19,21,NULL,0,'2012-11-04 02:30:00','','',NULL,NULL,NULL,NULL,'CBSS',1,NULL,0,0,0,0,0,0,''),(528,88,13,1,14,49,NULL,0,'2012-11-11 00:00:00','','',NULL,NULL,NULL,NULL,'NBCS',1,NULL,0,0,0,0,0,0,''),(529,89,1,44,42,14,NULL,0,'2012-11-17 20:30:00','','',NULL,NULL,NULL,NULL,'NBCS',1,NULL,0,0,0,0,0,0,''),(530,90,7,1,21,27,NULL,0,'2012-12-01 20:30:00','','',NULL,NULL,NULL,NULL,'ABC',1,NULL,0,0,0,0,0,0,''),(531,79,27,13,49,10,NULL,0,'2012-09-01 23:30:00','1','',NULL,NULL,NULL,NULL,'FOX',1,NULL,0,0,0,0,0,0,''),(532,81,13,7,24,69,NULL,0,'2012-09-23 02:30:00','','',NULL,NULL,NULL,NULL,'NBCS',1,NULL,0,0,0,0,0,0,''),(533,83,41,13,52,14,NULL,0,'2012-10-06 20:00:00','','',NULL,NULL,NULL,NULL,'CBS SN',1,NULL,0,0,0,0,0,0,''),(534,85,13,38,23,35,NULL,0,'2012-10-14 00:00:00','','',NULL,NULL,NULL,NULL,'PPV',1,NULL,0,0,0,0,0,0,''),(535,85,44,13,42,27,NULL,0,'2012-10-27 23:00:00','','',NULL,NULL,NULL,NULL,'PPV',1,NULL,0,0,0,0,0,0,''),(536,86,9,13,45,10,NULL,0,'2012-11-03 23:00:00','','',NULL,NULL,NULL,NULL,'Oceanic PPV',1,NULL,0,0,0,0,0,0,''),(537,88,39,13,21,7,NULL,0,'2012-11-17 22:30:00','','',NULL,NULL,NULL,NULL,'ESPN2',1,NULL,0,0,0,0,0,0,''),(538,89,13,40,48,10,NULL,0,'2012-11-25 04:00:00','','',NULL,NULL,NULL,NULL,'TBA',1,NULL,0,0,0,0,0,0,''),(539,90,13,131,23,7,NULL,0,'2012-12-02 04:00:00','','',NULL,NULL,NULL,NULL,'PPV',1,NULL,0,0,0,0,0,0,''),(540,80,13,130,54,2,NULL,0,'2012-09-16 00:00:00','','',NULL,NULL,NULL,NULL,'PPV',1,NULL,0,0,0,0,0,0,''),(541,93,41,43,6,23,NULL,0,'2012-12-21 01:00:00','','',NULL,NULL,NULL,NULL,'ESPN',1,NULL,0,0,0,0,0,0,''),(542,93,1,3,28,26,NULL,0,'2012-12-22 20:30:00','19','',NULL,NULL,NULL,NULL,'ESPN',1,NULL,0,0,0,0,0,0,'');
/*!40000 ALTER TABLE `games` ENABLE KEYS */;
UNLOCK TABLES;

--
-- Table structure for table `players`
--

DROP TABLE IF EXISTS `players`;
SET @saved_cs_client     = @@character_set_client;
SET character_set_client = utf8;
CREATE TABLE `players` (
  `id` int(11) NOT NULL auto_increment,
  `number` int(11) default NULL,
  `last_name` varchar(255) default NULL,
  `first_name` varchar(255) default NULL,
  `position` varchar(255) default NULL,
  `height` varchar(255) default NULL,
  `weight` varchar(255) default NULL,
  `year` varchar(255) default NULL,
  `hometown` varchar(255) default NULL,
  `previous_school` varchar(255) default NULL,
  `active` tinyint(1) default '1',
  `created_at` datetime default NULL,
  `updated_at` datetime default NULL,
  `team_id` int(11) default NULL,
  `years_rostered` varchar(255) default NULL,
  `website_key` int(11) default NULL,
  `url` varchar(255) default NULL,
  PRIMARY KEY  (`id`)
) ENGINE=InnoDB AUTO_INCREMENT=4848 DEFAULT CHARSET=latin1;
SET character_set_client = @saved_cs_client;

--
-- Dumping data for table `players`
--

LOCK TABLES `players` WRITE;
/*!40000 ALTER TABLE `players` DISABLE KEYS */;
INSERT INTO `players` VALUES (1765,40,'Crawford','Tyrone','DE','6-4','275','Jr.','Windsor, Ontario','Bakersfield College',1,'2010-09-29 15:05:03','2010-09-29 15:05:03',NULL,NULL,NULL,NULL),(2599,1,'Siavii',' Robert','LB','6-1','216','Sr.','Waipahu, Hawai`i','Leilehua High School',1,'2011-03-23 03:23:06','2011-03-23 03:23:06',12,NULL,NULL,NULL),(2600,2,'Patten',' Kenneth','DB','5-9','188','Sr.','Los Angeles, Calif.','Crenshaw',1,'2011-03-23 03:23:07','2011-03-23 03:23:07',12,NULL,NULL,NULL),(2601,3,'Walker',' Gary','S','6-0','187','Jr.','Redlands, Calif.','Redlands East Valley High School',1,'2011-03-23 03:23:07','2011-03-23 03:23:07',12,NULL,NULL,NULL),(2602,4,'Bushnell',' Logan','QB','6-2','199','Jr.','Puyallup, Wash.','Emerald Ridge High School',1,'2011-03-23 03:23:07','2011-03-23 03:23:07',12,NULL,NULL,NULL),(2603,5,'Bass',' Ryan','RB','5-9','209','Jr.','Corona, Calif.','Arizona State ',1,'2011-03-23 03:23:07','2011-03-23 03:23:07',12,NULL,NULL,NULL),(2604,5,'Thompson',' Thaad','DB','6-3','215','Sr.','Margate, Fla.','Ellsworth College',1,'2011-03-23 03:23:07','2011-03-23 03:23:07',12,NULL,NULL,NULL),(2605,6,'Grymes',' Aaron','CB','5-11','180','Jr.','Seattle, Wash.','West Seattle High School',1,'2011-03-23 03:23:07','2011-03-23 03:23:07',12,NULL,NULL,NULL),(2606,6,'Hatchett III',' Robert','WR','5-9','179','Jr.','Compton, Calif.','Centennial High School',1,'2011-03-23 03:23:07','2011-03-23 03:23:07',12,NULL,NULL,NULL),(2607,7,'Davis',' Preston','WR','6-2','201','Sr.','Las Vegas, Nev.','Shadow Ridge High School',1,'2011-03-23 03:23:07','2011-03-23 03:23:07',12,NULL,NULL,NULL),(2608,7,'Williams',' Trey','DB','6-1','192','So.','Itta Bena, Miss.','Leflore High School',1,'2011-03-23 03:23:07','2011-03-23 03:23:07',12,NULL,NULL,NULL),(2609,8,'Bailey',' Kama','RB','5-9','203','Sr.','Honolulu, Hawai`i','Damien Memorial High School',1,'2011-03-23 03:23:08','2011-03-23 03:23:08',12,NULL,NULL,NULL),(2610,11,'Vital',' Troy','RB','6-0','223','Jr.','Copperas Cove, Texas','Copperas Cove High School',1,'2011-03-23 03:23:08','2011-03-23 03:23:08',12,NULL,NULL,NULL),(2611,12,'Ashley',' Quin','S','5-11','209','Sr.','Paris, Texas','Paris High School',1,'2011-03-23 03:23:08','2011-03-23 03:23:08',12,NULL,NULL,NULL),(2612,12,'Davis',' Taylor','QB','6-3','213','So.','Anthem, Ariz.','Boulder Creek High School',1,'2011-03-23 03:23:08','2011-03-23 03:23:08',12,NULL,NULL,NULL),(2613,13,'Cowan',' Bobby','P','6-5','230','Jr.','Vancouver, Wash.','Evergreen High School',1,'2011-03-23 03:23:08','2011-03-23 03:23:08',12,NULL,NULL,NULL),(2614,14,'Carter',' Tracy','DB','5-11','175','So.','Mesquite, Texas','Madison High School',1,'2011-03-23 03:23:08','2011-03-23 03:23:08',12,NULL,NULL,NULL),(2615,14,'Reader',' Brian','QB','6-3','226','Sr.','Prunedale, Calif.','Monterey Peninsula JC',1,'2011-03-23 03:23:08','2011-03-23 03:23:08',12,NULL,NULL,NULL),(2616,15,'Posey',' Marsel','WR','5-10','172','Sr.','Compton, Calif.','Centennial High School',1,'2011-03-23 03:23:08','2011-03-23 03:23:08',12,NULL,NULL,NULL),(2617,16,'Podrabsky',' Justin','QB','6-6','238','Fr.','Lewiston, Idaho','Lewiston High School ',1,'2011-03-23 03:23:08','2011-03-23 03:23:08',12,NULL,NULL,NULL),(2618,16,'Toomer',' Korey','LB','6-3','230','Jr.','Las Vegas, Nev.','Arizona Western College',1,'2011-03-23 03:23:08','2011-03-23 03:23:08',12,NULL,NULL,NULL),(2619,18,'Johnson',' Armauni','WR','6-4','194','Sr.','Jacksonville, Fla.','West Los Angeles College',1,'2011-03-23 03:23:08','2011-03-23 03:23:08',12,NULL,NULL,NULL),(2620,19,'Hernandez',' Justin','WR','5-11','190','Jr.','Lapwai, Idaho','Lapwai High School',1,'2011-03-23 03:23:08','2011-03-23 03:23:08',12,NULL,NULL,NULL),(2621,19,'Mauga',' Homer','LB','6-0','215','Sr.','San Diego, Calif.','Grossmont College',1,'2011-03-23 03:23:08','2011-03-23 03:23:08',12,NULL,NULL,NULL),(2622,20,'McCarty',' Princeton','RB','5-8','192','Sr.','Bakersfield, Calif.','West High School',1,'2011-03-23 03:23:08','2011-03-23 03:23:08',12,NULL,NULL,NULL),(2623,20,'Whitehead',' Christian','CB','5-10','166','So.','Los Angeles, Calif.','Fairfax High School',1,'2011-03-23 03:23:08','2011-03-23 03:23:08',12,NULL,NULL,NULL),(2624,21,'Farquhar',' Trey','K','6-1','180','Jr.','Redlands, Calif.','Redlands East Valley High School',1,'2011-03-23 03:23:08','2011-03-23 03:23:08',12,NULL,NULL,NULL),(2625,22,'Crockom',' Mitchell','WR','6-1','175','Fr.','Alhambra, Calif.','Alhambra High School ',1,'2011-03-23 03:23:08','2011-03-23 03:23:08',12,NULL,NULL,NULL),(2626,22,'Randall',' James','S','5-11','208','Fr.','Compton, Calif.','Compton High School ',1,'2011-03-23 03:23:08','2011-03-23 03:23:08',12,NULL,NULL,NULL),(2627,23,'Williams',' Demetrius','WR','6-0','171','Fr.','Sacramento, Calif.','Inderkum High School',1,'2011-03-23 03:23:08','2011-03-23 03:23:08',12,NULL,NULL,NULL),(2628,24,'Veltung',' Justin','WR','5-11','180','Jr.','Puyallup, Wash.','Puyallup High School',1,'2011-03-23 03:23:08','2011-03-23 03:23:08',12,NULL,NULL,NULL),(2629,25,'Washington',' Jayson','RB','5-7','151','Fr.','Moscow, Idaho','Moscow High School',1,'2011-03-23 03:23:08','2011-03-23 03:23:08',12,NULL,NULL,NULL),(2630,28,'Thompson',' Calvin','RB','6-2','203','So.','Cedar Park, Texas','Vista Ridge High School',1,'2011-03-23 03:23:08','2011-03-23 03:23:08',12,NULL,NULL,NULL),(2631,29,'Harvey',' Matthew','CB','5-10','168','Sr.','Parkland, Fla.','Ellsworth Junior College',1,'2011-03-23 03:23:08','2011-03-23 03:23:08',12,NULL,NULL,NULL),(2632,30,'Hennessey',' Tom','CB','5-11','175','Fr.','Mountain Home, Idaho','Mountain Home High School',1,'2011-03-23 03:23:08','2011-03-23 03:23:08',12,NULL,NULL,NULL),(2633,31,'Bediako',' Jeffrey','LB','6-3','237','So.','Amsterdam, The Netherlands','Boise High School',1,'2011-03-23 03:23:08','2011-03-23 03:23:08',12,NULL,NULL,NULL),(2634,32,'Davis',' Bryce','RB','5-9','203','Jr.','Auburn, Wash.','Auburn High School ',1,'2011-03-23 03:23:08','2011-03-23 03:23:08',12,NULL,NULL,NULL),(2635,32,'Smith',' Chance','S','5-8','170','Fr.','Idaho Falls, Idaho','Idaho Falls High School',1,'2011-03-23 03:23:08','2011-03-23 03:23:08',12,NULL,NULL,NULL),(2636,33,'Scheidt',' Conrad','LB','6-1','222','Jr.','Waianae, Hawai`i','Kamehameha High School',1,'2011-03-23 03:23:08','2011-03-23 03:23:08',12,NULL,NULL,NULL),(2637,36,'Christianson',' Joe','S','6-0','193','Fr.','Boise, Idaho','Timberline High School ',1,'2011-03-23 03:23:08','2011-03-23 03:23:08',12,NULL,NULL,NULL),(2638,37,'Tucker',' Shawn','CB','5-9','178','So.','Laguna Hills, Calif.','Laguna Hills High School',1,'2011-03-23 03:23:08','2011-03-23 03:23:08',12,NULL,NULL,NULL),(2639,38,'Rodseth',' Brennett','CB','5-9','181','So.','Auburn, Wash.','Auburn Riverside High School',1,'2011-03-23 03:23:08','2011-03-23 03:23:08',12,NULL,NULL,NULL),(2640,40,'Asuega',' Henry','DL','6-0','279','Jr.','Corona, Calif.','Corona High School',1,'2011-03-23 03:23:08','2011-03-23 03:23:08',12,NULL,NULL,NULL),(2641,41,'Fedderson',' Austin','LB','5-10','213','Jr.','El Reno, Okla.','El Reno High School ',1,'2011-03-23 03:23:08','2011-03-23 03:23:08',12,NULL,NULL,NULL),(2642,44,'Bentz',' Garrett','LB','6-0','195','Fr.','Vale, Ore.','Vale High School ',1,'2011-03-23 03:23:08','2011-03-23 03:23:08',12,NULL,NULL,NULL),(2643,45,'Bell',' Chase','S','5-8','189','Fr.','Wailuku, Hawai\'i','Kamahaneha Schools ',1,'2011-03-23 03:23:08','2011-03-23 03:23:08',12,NULL,NULL,NULL),(2644,46,'Chapman',' Elliot','LB','6-0','220','Sr.','Larkspur, Calif.','Grossmont College ',1,'2011-03-23 03:23:08','2011-03-23 03:23:08',12,NULL,NULL,NULL),(2645,47,'Garnett',' Ben','LB','5-10','238','Jr.','Joseph, Ore.','Joseph High School',1,'2011-03-23 03:23:08','2011-03-23 03:23:08',12,NULL,NULL,NULL),(2646,48,'Wieting',' Derek','TE','5-11','236','Sr.','Meridian, Idaho','Meridian High School',1,'2011-03-23 03:23:08','2011-03-23 03:23:08',12,NULL,NULL,NULL),(2647,49,'McKinley',' John','LB','6-0','228','Sr.','Arimo, Idaho','Marsh Valley High School',1,'2011-03-23 03:23:08','2011-03-23 03:23:08',12,NULL,NULL,NULL),(2648,50,'Brooks',' Tyler','LB','6-1','222','Sr.','Orofino, Idaho','Orofino High School',1,'2011-03-23 03:23:08','2011-03-23 03:23:08',12,NULL,NULL,NULL),(2649,50,'Tupua',' Sam','OL','6-2','372','Sr.','Wilmington, Calif.','Palomar Junior College',1,'2011-03-23 03:23:08','2011-03-23 03:23:08',12,NULL,NULL,NULL),(2650,51,'Robinson',' Tre`Shawn','LB','5-11','240','Sr.','Upland, Calif.','Upland High School',1,'2011-03-23 03:23:08','2011-03-23 03:23:08',12,NULL,NULL,NULL),(2651,54,'Marboe',' Brad','LB','6-4','208','Jr.','Idaho Falls, Idaho','Idaho Falls High School',1,'2011-03-23 03:23:08','2011-03-23 03:23:08',12,NULL,NULL,NULL),(2652,55,'Ferguson',' Andre','DE','6-3','226','Sr.','Redlands, Calif.','East Valley High School',1,'2011-03-23 03:23:08','2011-03-23 03:23:08',12,NULL,NULL,NULL),(2653,57,'Green',' Justin','DE','6-2','229','So.','Brush Prairie, Wash.','Hockinson High School',1,'2011-03-23 03:23:08','2011-03-23 03:23:08',12,NULL,NULL,NULL),(2654,58,'Mayowa',' Benson','DE','6-3','239','Jr.','Inglewood, Calif.','Inglewood High School',1,'2011-03-23 03:23:09','2011-03-23 03:23:09',12,NULL,NULL,NULL),(2655,59,'Enders',' Pat','DE','5-11','251','So.','Spokane, Wash.','Gonzaga Prep',1,'2011-03-23 03:23:09','2011-03-23 03:23:09',12,NULL,NULL,NULL),(2656,61,'Halaholo',' Tevita','OL','6-5','335','Sr.','Millbrae, Calif.','College of San Mateo',1,'2011-03-23 03:23:09','2011-03-23 03:23:09',12,NULL,NULL,NULL),(2657,67,'Novikoff',' Tyrone','OL','6-7','318','Sr.','Curlew, Wash.','Curlew High School',1,'2011-03-23 03:23:09','2011-03-23 03:23:09',12,NULL,NULL,NULL),(2658,68,'Reynolds Jr.',' Guy','OL','6-3','301','Jr.','Avondale, Ariz.','Westview High School',1,'2011-03-23 03:23:09','2011-03-23 03:23:09',12,NULL,NULL,NULL),(2659,70,'Cleveland',' Matt','OL','6-4','311','Sr.','Kent, Wash.','Kentwood High School',1,'2011-03-23 03:23:09','2011-03-23 03:23:09',12,NULL,NULL,NULL),(2660,72,'Liggins',' Bilal','OL','6-3','286','Jr.','Lakewood, Wash.','Lakes High School',1,'2011-03-23 03:23:09','2011-03-23 03:23:09',12,NULL,NULL,NULL),(2661,74,'Marboe',' Mike','OL','6-2','298','Fr.','Wenatchee, Wash.','Wenatchee High School',1,'2011-03-23 03:23:09','2011-03-23 03:23:09',12,NULL,NULL,NULL),(2662,75,'Salm',' Kyle','OL','6-6','306','Fr.','San Dimas, Calif.','San Dimas High School',1,'2011-03-23 03:23:09','2011-03-23 03:23:09',12,NULL,NULL,NULL),(2663,77,'Johnson',' Jordan','OL','6-7','319','So.','Corona, Calif.','Santiago High School',1,'2011-03-23 03:23:09','2011-03-23 03:23:09',12,NULL,NULL,NULL),(2664,79,'Beale',' Spencer','OL','6-4','315','So.','Lewiston, Idaho','Lewiston High School',1,'2011-03-23 03:23:09','2011-03-23 03:23:09',12,NULL,NULL,NULL),(2665,80,'LaGrone',' Michael','TE','6-2','223','So.','Reno, Nev.','McQueen High School',1,'2011-03-23 03:23:09','2011-03-23 03:23:09',12,NULL,NULL,NULL),(2666,81,'Elmo',' Taylor','TE','6-4','244','So.','Yakima, Wash.','Eisenhower High School',1,'2011-03-23 03:23:09','2011-03-23 03:23:09',12,NULL,NULL,NULL),(2667,83,'Weaver',' Landon','WR','5-11','186','Sr.','LaGrande, Ore.','LaGrande High School',1,'2011-03-23 03:23:09','2011-03-23 03:23:09',12,NULL,NULL,NULL),(2668,85,'Homme',' Clayton','TE','6-5','242','So.','Kennewick, Wash.','Southridge High School',1,'2011-03-23 03:23:09','2011-03-23 03:23:09',12,NULL,NULL,NULL),(2669,87,'Micheletti',' Daniel','TE','6-3','208','So.','Meridian, Idaho','Mountain View High School',1,'2011-03-23 03:23:09','2011-03-23 03:23:09',12,NULL,NULL,NULL),(2670,90,'Kearney',' Karel','DT','6-2','273','Fr.','Austin, Texas','John B. Connelly High School',1,'2011-03-23 03:23:09','2011-03-23 03:23:09',12,NULL,NULL,NULL),(2671,91,'Keener',' Vince','DE','6-4','252','So.','Avondale, Ariz.','Westview High School',1,'2011-03-23 03:23:09','2011-03-23 03:23:09',12,NULL,NULL,NULL),(2672,92,'Forde',' Maxx','DE','6-4','289','So.','Woodinville, Wash.','Woodinville High School ',1,'2011-03-23 03:23:09','2011-03-23 03:23:09',12,NULL,NULL,NULL),(2673,93,'Cosgrove',' Michael','DT','6-4','289','Sr.','Las Vegas, Nev.','Desert Pines High School',1,'2011-03-23 03:23:09','2011-03-23 03:23:09',12,NULL,NULL,NULL),(2674,94,'Dugan',' Larry','DT','6-2','322','So.','Cerritos, Calif.','Gahr High School',1,'2011-03-23 03:23:09','2011-03-23 03:23:09',12,NULL,NULL,NULL),(2675,96,'Smith Jr.',' Charles','DE','6-6','257','Sr.','Las Vegas, Nev.','Desert Pines High School',1,'2011-03-23 03:23:09','2011-03-23 03:23:09',12,NULL,NULL,NULL),(2676,98,'Davis',' Jesse','DE','6-6','275','Fr.','Asotin, Wash.','Asotin High School ',1,'2011-03-23 03:23:09','2011-03-23 03:23:09',12,NULL,NULL,NULL),(4425,1,'Douglas','Bryan','CB','5-9','166','RSo','Los Angeles','Narbonne HS',1,'2012-08-24 21:36:12','2012-08-24 21:36:12',1,NULL,204879772,NULL),(4426,2,'Miller','Matt','WR','6-3','215','RSo','Helena, Mont.','Capital HS',1,'2012-08-24 21:36:12','2012-08-24 21:36:12',1,NULL,204879761,NULL),(4427,3,'Potter','Chris','WR','5-9','159','RSr','Westlake Village, Calif.','Oaks Christian HS',1,'2012-08-24 21:36:12','2012-08-24 21:36:12',1,NULL,205112382,NULL),(4428,4,'Gavins','Jerrell','CB','5-9','169','RSr','Miami, Fla.','El Camino JC',1,'2012-08-24 21:36:12','2012-08-24 21:36:12',1,NULL,204772608,NULL),(4429,5,'Taylor','Jamar','CB','5-11','196','RSr','San Diego, Calif.','Helix HS',1,'2012-08-24 21:36:12','2012-08-24 21:36:12',1,NULL,1383757,NULL),(4430,6,'Simmons','Dextrell','N','5-11','200','RSr','Houston, Texas','Blinn JC',1,'2012-08-24 21:36:12','2012-08-24 21:36:12',1,NULL,205088048,NULL),(4431,7,'Harper','D.J.','RB','5-9','205','RSr','Cypress, Texas','Cypress Creek HS',1,'2012-08-24 21:36:12','2012-08-24 21:36:12',1,NULL,787623,NULL),(4432,8,'Lawrence','Demarcus','DL','6-3','242','RSo','Aiken, S.C.','Butler CC',1,'2012-08-24 21:36:12','2012-08-24 21:36:12',1,NULL,205363214,NULL),(4433,8,'Patti','Nick','QB','5-10','187','Fr.','Orlando, Fla.','Dr',1,'2012-08-24 21:36:12','2012-08-24 21:36:12',1,NULL,205363343,NULL),(4434,9,'Hedrick','Grant','QB','6-0','192','RSo','Independence, Ore.','Central HS',1,'2012-08-24 21:36:12','2012-08-24 21:36:12',1,NULL,204879769,NULL),(4435,10,'Hart','Jamel','RB','5-9','211','Fr.','West Covina, Calif.','South Hills HS',1,'2012-08-24 21:36:12','2012-08-24 21:36:12',1,NULL,0,NULL),(4436,10,'Ioane','Jeremy','S','5-10','197','RSo','Honolulu, Hawaii','Punahou School',1,'2012-08-24 21:36:12','2012-08-24 21:36:12',1,NULL,204880489,NULL),(4437,11,'Williams-Rhodes','Shane','WR','5-6','154','Fr.','Spring, Texas','Klein Collins HS',1,'2012-08-24 21:36:12','2012-08-24 21:36:12',1,NULL,205377441,NULL),(4438,13,'Renaud','Blake','LB','6-2','239','So.','Concord, Calif.','De La Salle HS',1,'2012-08-24 21:36:12','2012-08-24 21:36:12',1,NULL,205088046,NULL),(4439,14,'Harman','Trevor','P','6-3','216','RJr','Beaverton, Ore.','Southridge HS',1,'2012-08-24 21:36:12','2012-08-24 21:36:12',1,NULL,204772979,NULL),(4440,14,'Laughrea','Jimmy','QB','6-1','200','RFr','Rocklin, Calif.','Rocklin HS',1,'2012-08-24 21:36:12','2012-08-24 21:36:12',1,NULL,205088169,NULL),(4441,15,'Anderson','Chaz','CB','5-10','175','Fr.','Los Angeles','Loyola HS',1,'2012-08-24 21:36:12','2012-08-24 21:36:12',1,NULL,205377104,NULL),(4442,15,'Jackson','Tyler','WR','6-1','195','RSr','Castle Rock, Colo.','Douglas County HS',1,'2012-08-24 21:36:12','2012-08-24 21:36:12',1,NULL,1383723,NULL),(4443,16,'Florence','Deon\'tae','CB','5-9','168','RSo','Largo, Fla.','College of the Desert',1,'2012-08-24 21:36:12','2012-08-24 21:36:12',1,NULL,205617840,NULL),(4444,16,'Southwick','Joe','QB','6-1','187','RJr','Danville, Calif.','San Ramon Valley HS',1,'2012-08-24 21:36:12','2012-08-24 21:36:12',1,NULL,3660034,NULL),(4445,17,'Boldewijn','Geraldo','WR','6-4','214','RJr','Amsterdam, Netherlands','Capital HS',1,'2012-08-24 21:36:12','2012-08-24 21:36:12',1,NULL,3660363,NULL),(4446,18,'Burks','Aaron','WR','6-3','200','RJr','Grand Prairie, Texas','Mansfield Timberview HS',1,'2012-08-24 21:36:12','2012-08-24 21:36:12',1,NULL,3660359,NULL),(4447,18,'Corta','Trey','CB','5-10','182','Fr.','Homedale, Idaho','Homedale HS',1,'2012-08-24 21:36:12','2012-08-24 21:36:12',1,NULL,0,NULL),(4448,18,'Van','Ginkel,','PK','6-0','186','RFr','Upland, Calif.','Upland HS',1,'2012-08-24 21:36:12','2012-08-24 21:36:12',1,NULL,205088173,NULL),(4449,19,'Borgman','Josh','CB','5-7','174','RSr','Boise, Idaho','Centennial HS',1,'2012-08-24 21:36:12','2012-08-24 21:36:12',1,NULL,3717424,NULL),(4450,19,'Pope','Taylor','WR','6-0','163','Fr.','La Quinta, Calif.','La Quinta HS',1,'2012-08-24 21:36:13','2012-08-24 21:36:13',1,NULL,205619112,NULL),(4451,20,'Burroughs','Mitch','WR','5-9','193','RSr','Meridian, Idaho','Meridian HS',1,'2012-08-24 21:36:13','2012-08-24 21:36:13',1,NULL,787611,NULL),(4452,21,'Fields','Jack','RB','5-9','194','Fr.','El Paso, Texas','Americas HS',1,'2012-08-24 21:36:13','2012-08-24 21:36:13',1,NULL,205377284,NULL),(4453,22,'James','Chanceller','S','6-1','194','Fr.','Spring Valley, Calif.','Steele Canyon HS',1,'2012-08-24 21:36:13','2012-08-24 21:36:13',1,NULL,205377435,NULL),(4454,23,'Agbaroji','Eric','DB','6-1','203','RFr','Midlothian, Texas','Midlothian HS',1,'2012-08-24 21:36:13','2012-08-24 21:36:13',1,NULL,205088158,NULL),(4455,24,'Moss','Hazen','DB','6-0','201','RSr','Rifle, Colo.','Rifle HS',1,'2012-08-24 21:36:13','2012-08-24 21:36:13',1,NULL,1592586,NULL),(4456,25,'Santini','Christopher','N','5-11','220','Fr.','San Jose, Calif.','Leland HS',1,'2012-08-24 21:36:13','2012-08-24 21:36:13',1,NULL,205377340,NULL),(4457,26,'Demas','Devan','RB','5-8','170','Fr.','Houston, Texas','Cypress Creek HS',1,'2012-08-24 21:36:13','2012-08-24 21:36:13',1,NULL,205377332,NULL),(4458,27,'Ajayi','Jay','RB','6-0','222','RFr','Plano, Texas','Frisco Liberty HS',1,'2012-08-24 21:36:13','2012-08-24 21:36:13',1,NULL,205088161,NULL),(4459,28,'Lukehart','Dillon','S','6-0','199','RFr','Eagle, Idaho','Eagle HS',1,'2012-08-24 21:36:13','2012-08-24 21:36:13',1,NULL,205088044,NULL),(4460,28,'Wale','Sean','P','6-1','171','Fr.','La Habra, Calif.','La Habra HS',1,'2012-08-24 21:36:13','2012-08-24 21:36:13',1,NULL,205377288,NULL),(4461,29,'Hightower','Lee','DB','6-2','192','So.','Inglewood, Calif.','Loyola HS',1,'2012-08-24 21:36:13','2012-08-24 21:36:13',1,NULL,205088733,NULL),(4462,30,'Deayon','Donte','CB','5-9','143','Fr.','Rialto, Calif.','Summit HS',1,'2012-08-24 21:36:13','2012-08-24 21:36:13',1,NULL,205377119,NULL),(4463,31,'Pint','Andrew','LB','6-1','215','Fr.','Highlands Ranch, Colo.','Valor Christian HS',1,'2012-08-24 21:36:13','2012-08-24 21:36:13',1,NULL,205377374,NULL),(4464,32,'Brown','Jonathan','N','5-10','211','RJr','Alameda, Calif.','Encinal HS',1,'2012-08-24 21:36:13','2012-08-24 21:36:13',1,NULL,3660194,NULL),(4465,33,'Smith','Tommy','LB','6-1','238','RSr','Atlanta, Ga.','North Atlanta HS',1,'2012-08-24 21:36:13','2012-08-24 21:36:13',1,NULL,1383750,NULL),(4466,34,'Loffler','Taylor','S','6-3','211','RFr','Kelowna, B.C., Canada','Kelowna Secondary School',1,'2012-08-24 21:36:13','2012-08-24 21:36:13',1,NULL,205088170,NULL),(4467,34,'Moore','Kirby','WR','6-3','203','RJr','Prosser, Wash.','Prosser HS',1,'2012-08-24 21:36:13','2012-08-24 21:36:13',1,NULL,3661143,NULL),(4468,35,'Bertoli','Charles','RB','5-11','191','Fr.','St. Helena, Calif.','St',1,'2012-08-24 21:36:13','2012-08-24 21:36:13',1,NULL,205619012,NULL),(4469,35,'Thompson','Darian','DB','6-1','197','RFr','Lancaster, Calif.','Paraclete HS',1,'2012-08-24 21:36:13','2012-08-24 21:36:13',1,NULL,205088172,NULL),(4470,36,'Gray','Tyler','LB','6-4','227','Fr.','Templeton, Calif.','Templeton HS',1,'2012-08-24 21:36:13','2012-08-24 21:36:13',1,NULL,205363339,NULL),(4471,37,'Makinde','Ebenezer','CB','5-10','181','RJr','Phoenix, Ariz.','Paradise Valley HS',1,'2012-08-24 21:36:13','2012-08-24 21:36:13',1,NULL,3660203,NULL),(4472,38,'Bell','Corey','N','5-11','206','So.','Boise, Idaho','Capital HS',1,'2012-08-24 21:36:13','2012-08-24 21:36:13',1,NULL,205088164,NULL),(4473,39,'Wright','Drew','RB','5-9','203','RSr','Nampa, Idaho','Vallivue HS',1,'2012-08-24 21:36:13','2012-08-24 21:36:13',1,NULL,1592607,NULL),(4474,40,'Nance','Armand','DL','6-0','273','Fr.','Houston, Texas','DeKaney HS',1,'2012-08-24 21:36:13','2012-08-24 21:36:13',1,NULL,205377337,NULL),(4475,41,'Goodale','Dan','PK','5-10','191','RSo','Boise, Idaho','Timberline HS',1,'2012-08-24 21:36:13','2012-08-24 21:36:13',1,NULL,204978259,NULL),(4476,41,'Marshall','Kharyee','DE','6-2','240','RJr','Phoenix, Ariz.','Washington HS',1,'2012-08-24 21:36:13','2012-08-24 21:36:13',1,NULL,3660263,NULL),(4477,42,'Hardee','Jake','TE','6-3','234','RFr','Boise, Idaho','Bishop Kelly HS',1,'2012-08-24 21:36:13','2012-08-24 21:36:13',1,NULL,205160326,NULL),(4478,43,'Tjong-A-Tjoe','Ricky','DT','6-3','296','RJr','Amsterdam, Netherlands','Boise HS',1,'2012-08-24 21:36:13','2012-08-24 21:36:13',1,NULL,3660037,NULL),(4479,44,'Roberson','Chris','LS','6-0','228','Sr.','Katy, Texas','Katy HS',1,'2012-08-24 21:36:13','2012-08-24 21:36:13',1,NULL,204772518,NULL),(4480,45,'Saxton','Travis','LB','6-1','221','RSo','Star, Idaho','Eagle HS',1,'2012-08-24 21:36:13','2012-08-24 21:36:13',1,NULL,204978257,NULL),(4481,47,'Paul','Dan','FB','6-1','262','RSr','Boring, Ore.','Sam Barlow HS',1,'2012-08-24 21:36:13','2012-08-24 21:36:13',1,NULL,787632,NULL),(4482,48,'Percy','J.C.','LB','6-0','227','RSr','Blackfoot, Idaho','Blackfoot HS',1,'2012-08-24 21:36:13','2012-08-24 21:36:13',1,NULL,1592366,NULL),(4483,49,'Barrett','Darien','DE','6-2','222','Fr.','Inglewood, Calif.','Inglewood HS',1,'2012-08-24 21:36:13','2012-08-24 21:36:13',1,NULL,205377111,NULL),(4484,49,'Richardson','Hilton','N','6-2','217','RFr','Kirkland, Wash.','Lake Washington HS',1,'2012-08-24 21:36:13','2012-08-24 21:36:13',1,NULL,205322210,NULL),(4485,50,'Holsteen','Jake','LS','6-4','216','Jr.','Mediapolis, Iowa','Ellsworth JC',1,'2012-08-24 21:36:13','2012-08-24 21:36:13',1,NULL,205617842,NULL),(4486,51,'Weaver','Ben','LB','6-0','226','Fr.','Klein, Texas','Klein HS',1,'2012-08-24 21:36:13','2012-08-24 21:36:13',1,NULL,205377341,NULL),(4487,52,'Keane','Kevin','LS','6-0','208','So.','Moorpark, Calif.','Ohio Wesleyan',1,'2012-08-24 21:36:13','2012-08-24 21:36:13',1,NULL,205619111,NULL),(4488,53,'Martin','Beau','DL','6-2','250','RSo','Denver, Colo.','CSU',1,'2012-08-24 21:36:13','2012-08-24 21:36:13',1,NULL,205239509,NULL),(4489,54,'Ames','Michael','OL','6-4','293','RSr','Boise, Idaho','Centennial HS',1,'2012-08-24 21:36:13','2012-08-24 21:36:13',1,NULL,1592369,NULL),(4490,56,'Kamper','Dustin','LB','6-1','217','RJr','Meridian, Idaho','Nampa Christian HS',1,'2012-08-24 21:36:13','2012-08-24 21:36:13',1,NULL,204772870,NULL),(4491,57,'Wickes','Shane','OL','6-2','243','Fr.','Reno, Nev.','McQueen HS',1,'2012-08-24 21:36:13','2012-08-24 21:36:13',1,NULL,205619115,NULL),(4492,58,'Ash','Robert','DL','6-3','283','RFr','Elk Grove, Calif.','Cosumnes Oaks HS',1,'2012-08-24 21:36:13','2012-08-24 21:36:13',1,NULL,205088042,NULL),(4493,60,'Buhr','Kellen','OL','6-0','264','Fr.','Boise, Idaho','Capital HS',1,'2012-08-24 21:36:13','2012-08-24 21:36:13',1,NULL,205617839,NULL),(4494,61,'Kellogg','Joe','OG','6-3','305','RSr','Scottsdale, Ariz.','Saguaro HS',1,'2012-08-24 21:36:13','2012-08-24 21:36:13',1,NULL,1383726,NULL),(4495,62,'Tozer','Chris','OL','6-4','311','RJr','San Jose, Calif.','Foothill CC',1,'2012-08-24 21:36:13','2012-08-24 21:36:13',1,NULL,205160342,NULL),(4496,63,'Sheffield','Adam','OL','6-3','326','RFr','San Jose, Calif.','Branham HS',1,'2012-08-24 21:36:13','2012-08-24 21:36:13',1,NULL,205088047,NULL),(4497,64,'Myers','Brenel','OG','6-3','282','RSr','Houston, Texas','Westfield HS',1,'2012-08-24 21:36:13','2012-08-24 21:36:13',1,NULL,1383744,NULL),(4498,65,'Paradis','Matt','OL','6-3','289','RJr','Council, Idaho','Council HS',1,'2012-08-24 21:36:13','2012-08-24 21:36:13',1,NULL,3724514,NULL),(4499,66,'Yakoo','Mario','OL','6-4','320','Fr.','San Diego, Calif.','Steele Canyon HS',1,'2012-08-24 21:36:13','2012-08-24 21:36:13',1,NULL,205377444,NULL),(4500,67,'Odhiambo','Rees','OL','6-4','297','RFr','Mansfield, Texas','Mansfield Legacy HS',1,'2012-08-24 21:36:13','2012-08-24 21:36:13',1,NULL,205088168,NULL),(4501,68,'Cushing','David','DL','6-1','272','Sr.','Caldwell, Idaho','Vallivue HS',1,'2012-08-24 21:36:13','2012-08-24 21:36:13',1,NULL,204967811,NULL),(4502,69,'Horn','Tyler','DE','6-5','265','So.','Meridian, Idaho','Mountain View HS',1,'2012-08-24 21:36:13','2012-08-24 21:36:13',1,NULL,204879641,NULL),(4503,70,'Baggett','Steven','OL','6-3','248','Fr.','Arlington, Texas','Martin HS',1,'2012-08-24 21:36:13','2012-08-24 21:36:13',1,NULL,205377110,NULL),(4504,71,'Dohmen','Greg','OL','6-3','291','RSo','Red Bluff, Calif.','Red Bluff HS',1,'2012-08-24 21:36:13','2012-08-24 21:36:13',1,NULL,204978128,NULL),(4505,72,'Henry','Marcus','OL','6-3','297','RFr','Bellevue, Wash.','Bellevue HS',1,'2012-08-24 21:36:13','2012-08-24 21:36:13',1,NULL,205088167,NULL),(4506,73,'Averill','Travis','OL','6-3','278','Fr.','Anaheim, Calif.','Servite HS',1,'2012-08-24 21:36:13','2012-08-24 21:36:13',1,NULL,205377107,NULL),(4507,75,'Wright','Faraji','OT','6-3','300','RSr','Vallejo, Calif.','Berkeley HS',1,'2012-08-24 21:36:13','2012-08-24 21:36:13',1,NULL,1383759,NULL),(4508,76,'Broyles','Jake','OL','6-5','290','RJr','Henderson, Nev.','Foothill HS',1,'2012-08-24 21:36:13','2012-08-24 21:36:13',1,NULL,3660155,NULL),(4509,77,'Gerke','Spencer','OL','6-3','296','RJr','Boise, Idaho','Bishop Kelly HS',1,'2012-08-24 21:36:13','2012-08-24 21:36:13',1,NULL,3717334,NULL),(4510,78,'Leno','Jr.,','OL','6-4','294','RJr','Oakland, Calif.','San Leandro HS',1,'2012-08-24 21:36:13','2012-08-24 21:36:13',1,NULL,3660367,NULL),(4511,79,'Westendorf','Avery','OL','6-5','270','Fr.','Boise, Idaho','Cole Valley Christian',1,'2012-08-24 21:36:13','2012-08-24 21:36:13',1,NULL,205617844,NULL),(4512,80,'Plinke','Hayden','TE','6-4','255','Fr.','Hillsboro, Ore.','Glencoe HS',1,'2012-08-24 21:36:13','2012-08-24 21:36:13',1,NULL,205088045,NULL),(4513,81,'Burroughs','Dallas','WR','5-8','173','So.','Meridian, Idaho','Rocky Mountain HS',1,'2012-08-24 21:36:13','2012-08-24 21:36:13',1,NULL,205088166,NULL),(4514,82,'Reed','Jackson','WR','6-4','212','Fr.','Boise, Idaho','Timeberline HS',1,'2012-08-24 21:36:13','2012-08-24 21:36:13',1,NULL,205619113,NULL),(4515,82,'Ukwuachu','Samuel','DE','6-4','222','RFr','Pearland, Texas','Pearland HS',1,'2012-08-24 21:36:13','2012-08-24 21:36:13',1,NULL,205088050,NULL),(4516,83,'Ware','Troy','WR','6-2','195','RFr','Oceanside, Calif.','Vista HS',1,'2012-08-24 21:36:13','2012-08-24 21:36:13',1,NULL,204879637,NULL),(4517,84,'Frisina','Michael','PK','5-5','162','Sr.','Brea, Calif.','Saddleback JC',1,'2012-08-24 21:36:13','2012-08-24 21:36:13',1,NULL,205161067,NULL),(4518,85,'Huff','Holden','TE','6-5','213','RFr','Rocklin, Calif.','Rocklin HS',1,'2012-08-24 21:36:13','2012-08-24 21:36:13',1,NULL,204879640,NULL),(4519,86,'Sosnowski','Kyle','TE','6-2','247','RSo','Boise, Idaho','Capital HS',1,'2012-08-24 21:36:13','2012-08-24 21:36:13',1,NULL,204879760,NULL),(4520,87,'Linehan','Gabe','TE','6-4','241','RJr','Banks, Ore.','Banks HS',1,'2012-08-24 21:36:13','2012-08-24 21:36:13',1,NULL,3661139,NULL),(4521,88,'Koch','Chandler','TE','6-2','246','RSr','Flower Mound, Texas','Flower Mound HS',1,'2012-08-24 21:36:13','2012-08-24 21:36:13',1,NULL,1383728,NULL),(4522,89,'Peters','Connor','TE','6-4','253','So.','Antioch, Calif.','Laney College',1,'2012-08-24 21:36:13','2012-08-24 21:36:13',1,NULL,205363347,NULL),(4523,90,'Wilson','Jamal','FB','5-11','227','RFr','Fontana, Calif.','A',1,'2012-08-24 21:36:13','2012-08-24 21:36:13',1,NULL,205239512,NULL),(4524,91,'Grimes','Greg','DT','6-0','293','RSr','Sacramento, Calif.','Inderkum HS',1,'2012-08-24 21:36:13','2012-08-24 21:36:13',1,NULL,1383717,NULL),(4525,93,'Dunn','Brennyn','TE','6-3','201','Fr.','Preston, Idaho','Preston HS',1,'2012-08-24 21:36:13','2012-08-24 21:36:13',1,NULL,0,NULL),(4526,94,'McCaskill','Sam','DE','6-3','236','Fr.','Eugene, Ore.','Sheldon HS',1,'2012-08-24 21:36:13','2012-08-24 21:36:13',1,NULL,205377336,NULL),(4527,95,'Koontz','Darren','DT','6-3','274','RSr','Seal Beach, Calif.','Los Alamitos HS',1,'2012-08-24 21:36:13','2012-08-24 21:36:13',1,NULL,1383732,NULL),(4528,96,'Hoyte','Elliot','DL','6-4','275','Fr.','Tavistock, England','Ivybridge Community College',1,'2012-08-24 21:36:13','2012-08-24 21:36:13',1,NULL,205363341,NULL),(4529,98,'Worthy','Jeffrey','DT','6-3','285','RFr','La Mirada, Calif.','Whittier Christian HS',1,'2012-08-24 21:36:13','2012-08-24 21:36:13',1,NULL,205088174,NULL),(4530,99,'Atkinson','Michael','DT','6-0','306','RSr','Windsor, Ontario, Canada','Catholic Central HS',1,'2012-08-24 21:36:13','2012-08-24 21:36:13',1,NULL,1592381,NULL),(4636,42,'Alisa','Michael','RB','6-1','220','Junior','Laie, HI','Timpview High School',1,'2012-08-24 21:38:53','2012-08-24 21:38:53',43,'',0,'/athlete/m-football/michael-alisa'),(4637,70,'Alletto','Terrance','OL','6-3','252','Freshman','Parker, CO','Ponderosa High School',1,'2012-08-24 21:38:53','2012-08-24 21:38:53',43,'',0,'/athlete/m-football/terrance-alletto'),(4638,56,'Anae','Famika','OL','6-6','312','Sophomore','Provo, UT','Timpview High School',1,'2012-08-24 21:38:53','2012-08-24 21:38:53',43,'',0,'/athlete/m-football/famika-anae-0'),(4639,62,'Andrus','Roman','DL','6-4','259','Freshman','El Dorado Hills, CA','Oakridge High School',1,'2012-08-24 21:38:53','2012-08-24 21:38:53',43,'',0,'/athlete/m-football/roman-andrus'),(4640,47,'Ansah','Ezekiel','LB','6-6','270','Senior','Accra, Ghana','Presbyterian Boys School',1,'2012-08-24 21:38:53','2012-08-24 21:38:53',43,'',0,'/athlete/m-football/ezekiel-ansah'),(4641,1,'Apo','Ross','WR','6-3','207','Sophomore','Arlington, TX','The Oakridge School',1,'2012-08-24 21:38:53','2012-08-24 21:38:53',43,'',0,'/athlete/m-football/ross-apo'),(4642,28,'Arellano','Scott','P','6-1','190','Sophomore','Santa Ynez, CA','Foothill College',1,'2012-08-24 21:38:53','2012-08-24 21:38:53',43,'',0,'/athlete/m-football/scott-arellano'),(4643,45,'Beck','Tyler','LB','6-1','220','Junior','Murrieta, CA','Vista Murrieta High School',1,'2012-08-24 21:38:53','2012-08-24 21:38:53',43,'',0,'/athlete/m-football/tyler-beck'),(4644,20,'Bills','Craig','DB','6-1','209','Sophomore','Provo, UT','Timpview High School',1,'2012-08-24 21:38:53','2012-08-24 21:38:53',43,'',0,'/athlete/m-football/craig-bills'),(4645,46,'Bills','Kevan','LB','6-3','245','Freshman','Provo, UT','Timpview High School',1,'2012-08-24 21:38:53','2012-08-24 21:38:53',43,'',0,'/athlete/m-football/kevan-bills'),(4646,58,'Blackmore','Justin','DL','6-1','290','Sophomore','West Jordan, UT','West Jordan High School',1,'2012-08-24 21:38:53','2012-08-24 21:38:53',43,'',0,'/athlete/m-football/justin-blackmore'),(4647,57,'Brook','Tyson','DL','6-1','265','Freshman','Connell, WA','Connell High School',1,'2012-08-24 21:38:53','2012-08-24 21:38:53',43,'',0,'/athlete/m-football/tyson-brook'),(4648,75,'Brown','Braden','OL','6-6','300','Senior','Salt Lake City, UT','Highland High School',1,'2012-08-24 21:38:53','2012-08-24 21:38:53',43,'',0,'/athlete/m-football/braden-brown'),(4649,93,'Brown','Trevor','TE','6-5','210','Freshman','Provo, UT','Timpview High School',1,'2012-08-24 21:38:53','2012-08-24 21:38:53',43,'',0,'/athlete/m-football/trevor-brown'),(4650,26,'Buckner','Robbie','DB','5-10','176','Senior','Ashdown, AR','Ashdown High School',1,'2012-08-24 21:38:53','2012-08-24 21:38:53',43,'',0,'/athlete/m-football/robbie-buckner'),(4651,9,'Collie','Dylan','WR','5-10','173','Freshman','El Dorado Hills, CA','Oakridge High School',1,'2012-08-24 21:38:53','2012-08-24 21:38:53',43,'',0,'/athlete/m-football/dylan-collie'),(4652,53,'Cox','Tanner','LB','6-4','226','Sophomore','Pleasant View, UT','Weber High School',1,'2012-08-24 21:38:53','2012-08-24 21:38:53',43,'',0,'/athlete/m-football/tanner-cox'),(4653,94,'Crichton','Tui','DL','6-3','343','Freshman','Orem, UT','Timpview High School',1,'2012-08-24 21:38:53','2012-08-24 21:38:53',43,'',0,'/athlete/m-football/tui-crichton'),(4654,85,'Cutler','Dallin','WR','5-9','173','Junior','Draper, UT','Alta High School',1,'2012-08-24 21:38:53','2012-08-24 21:38:53',43,'',0,'/athlete/m-football/dallin-cutler'),(4655,92,'Doman','Michael','DL','6-4','240','Freshman','Portland, OR','Canby High School',1,'2012-08-24 21:38:53','2012-08-24 21:38:53',43,'',0,'/athlete/m-football/michael-doman'),(4656,39,'Dulan','Ian','DL','6-1','271','Senior','Hilo, HI','Kamehameha-Hawaii High School',1,'2012-08-24 21:38:53','2012-08-24 21:38:53',43,'',0,'/athlete/m-football/ian-dulan'),(4657,83,'Edmunds','Michael','TE','6-4','215','Freshman','South Jordan, UT','Bingham High School',1,'2012-08-24 21:38:53','2012-08-24 21:38:53',43,'',0,'/athlete/m-football/michael-edmunds'),(4658,24,'El-Bakri','Brayden','RB','6-0','215','Freshman','Salt Lake City, UT','Brighton High School',1,'2012-08-24 21:38:53','2012-08-24 21:38:53',43,'',0,'/athlete/m-football/brayden-el-bakri'),(4659,34,'Engstrom','Bryan','RB','5-8','168','Freshman','Sandy, UT','Alta High School',1,'2012-08-24 21:38:53','2012-08-24 21:38:53',43,'',0,'/athlete/m-football/bryan-engstrom'),(4660,21,'Everett','DeQuan','DB','6-3','209','Senior','Long Beach, CA','Cerritos Community College',1,'2012-08-24 21:38:53','2012-08-24 21:38:53',43,'',0,'/athlete/m-football/dequan-everett'),(4661,12,'Falslev','JD','WR','5-8','184','Junior','Smithfield, UT','Sky View High School',1,'2012-08-24 21:38:53','2012-08-24 21:38:53',43,'',0,'/athlete/m-football/jd-falslev'),(4662,64,'Ficklin','Quin','OL','6-3','242','Freshman','Mesa, AZ','Red Mountain High School',1,'2012-08-24 21:38:53','2012-08-24 21:38:53',43,'',0,'/athlete/m-football/quin-ficklin'),(4663,27,'Foote','David','RB','5-11','200','Senior','St. George, UT','Pine View High School',1,'2012-08-24 21:38:53','2012-08-24 21:38:53',43,'',0,'/athlete/m-football/david-foote-0'),(4664,50,'Freeman','Ryan','OL','6-3','287','Senior','Orem, UT','Orem High School',1,'2012-08-24 21:38:53','2012-08-24 21:38:53',43,'',0,'/athlete/m-football/ryan-freeman'),(4665,82,'Friel','Kaneakua','TE','6-5','250','Junior','Kaneohe, HI','Kamehameha High School',1,'2012-08-24 21:38:53','2012-08-24 21:38:53',43,'',0,'/athlete/m-football/kaneakua-friel'),(4666,5,'Fua','Alani','LB','6-5','215','Sophomore','Northridge, CA','Oaks Christian',1,'2012-08-24 21:38:53','2012-08-24 21:38:53',43,'',0,'/athlete/m-football/alani-fua'),(4667,98,'Fuga','Romney','DL','6-2','318','Senior','Huntington Beach, CA','Edison High School',1,'2012-08-24 21:38:53','2012-08-24 21:38:53',43,'',0,'/athlete/m-football/romney-fuga'),(4668,17,'Hadley','Matt','DB','6-0','191','Freshman','Connell, WA','Connell High School',1,'2012-08-24 21:38:53','2012-08-24 21:38:53',43,'',0,'/athlete/m-football/matt-hadley'),(4669,7,'Hadley','Preston','DB','6-0','200','Senior','Pleasant Grove, UT','Snow College',1,'2012-08-24 21:38:54','2012-08-24 21:38:54',43,'',0,'/athlete/m-football/preston-hadley'),(4670,2,'Hadley','Spencer','LB','6-1','227','Junior','Connell, WA','Connell High School',1,'2012-08-24 21:38:54','2012-08-24 21:38:54',43,'',0,'/athlete/m-football/spencer-hadley'),(4671,32,'Hague','Mike','DB','5-10','190','Senior','Salt Lake City, UT','Brighton High School',1,'2012-08-24 21:38:54','2012-08-24 21:38:54',43,'',0,'/athlete/m-football/mike-hague'),(4672,33,'Hannemann','Jacob','DB','6-1','190','Freshman','Highland, UT','Lone Peak High School',1,'2012-08-24 21:38:54','2012-08-24 21:38:54',43,'',0,'/athlete/m-football/jacob-hannemann'),(4673,30,'Hannemann','Micah','DB','6-0','185','Freshman','Alpine, UT','Lone Peak High School',1,'2012-08-24 21:38:54','2012-08-24 21:38:54',43,'',0,'/athlete/m-football/micah-hannemann'),(4674,76,'Hansen','Braden','OL','6-6','307','Senior','Sandy, UT','Alta High School',1,'2012-08-24 21:38:54','2012-08-24 21:38:54',43,'',0,'/athlete/m-football/braden-hansen'),(4675,25,'Henderson','Kurt','WR','6-1','192','Freshman','St. George, UT','Snow Canyon High School',1,'2012-08-24 21:38:54','2012-08-24 21:38:54',43,'',0,'/athlete/m-football/kurt-henderson'),(4676,4,'Hill','Taysom','QB','6-2','218','Freshman','Pocatello, ID','Highland High School',1,'2012-08-24 21:38:54','2012-08-24 21:38:54',43,'',0,'/athlete/m-football/taysom-hill'),(4677,22,'Hine','Adam','RB','6-1','202','Freshman','Santa Clara, UT','Snow Canyon High School',1,'2012-08-24 21:38:54','2012-08-24 21:38:54',43,'',0,'/athlete/m-football/adam-hine'),(4678,2,'Hoffman','Cody','WR','6-4','215','Junior','Crescent City, CA','Del Norte High School',1,'2012-08-24 21:38:54','2012-08-24 21:38:54',43,'',0,'/athlete/m-football/cody-hoffman'),(4679,16,'Hogan','Adam','DB','5-11','180','Junior','Los Angeles, CA','LA Southwest College',1,'2012-08-24 21:38:54','2012-08-24 21:38:54',43,'',0,'/athlete/m-football/adam-hogan'),(4680,88,'Holt','Austin','TE','6-5','250','Junior','South Jordan, UT','Bingham High School',1,'2012-08-24 21:38:54','2012-08-24 21:38:54',43,'',0,'/athlete/m-football/austin-holt'),(4681,96,'Hornung','Reed','DS','6-2','249','Senior','Anoka, MN','Snow College',1,'2012-08-24 21:38:54','2012-08-24 21:38:54',43,'',0,'/athlete/m-football/reed-hornung'),(4682,11,'Houk','Terenn','WR','6-4','213','Freshman','Enumclaw, WA','Enumclaw High School',1,'2012-08-24 21:38:54','2012-08-24 21:38:54',43,'',0,'/athlete/m-football/terenn-houk'),(4683,66,'Hoyt','Austin','OL','6-7','268','Freshman','Ione, CA','Argonaut High School',1,'2012-08-24 21:38:54','2012-08-24 21:38:54',43,'',0,'/athlete/m-football/austin-hoyt'),(4684,6,'Johnson','Jordan','DB','5-10','185','Sophomore','Springfield, MA','Brooks School',1,'2012-08-24 21:38:54','2012-08-24 21:38:54',43,'',0,'/athlete/m-football/jordan-johnson'),(4685,67,'Johnson','Kyle','OL','6-3','285','Freshman','Sandy, UT','Jordan High School',1,'2012-08-24 21:38:54','2012-08-24 21:38:54',43,'',0,'/athlete/m-football/kyle-johnson'),(4686,91,'Johnson','Marques','DL','6-2','321','Junior','Los Angeles, CA','El Camino Community College',1,'2012-08-24 21:38:54','2012-08-24 21:38:54',43,'',0,'/athlete/m-football/marques-johnson'),(4687,34,'Jorgensen','Austen','LB','6-2','239','Senior','Mt. Pleasant, UT','North Sanpete High School',1,'2012-08-24 21:38:54','2012-08-24 21:38:54',43,'',0,'/athlete/m-football/austen-jorgensen'),(4688,73,'Kafu','Solomone','OL','6-2','305','Sophomore','Rio Linda, CA','Rio Linda High School',1,'2012-08-24 21:38:54','2012-08-24 21:38:54',43,'',0,'/athlete/m-football/solomone-kafu'),(4689,90,'Kaufusi','Bronson','DL','6-7','260','Freshman','Provo, UT','Timpview High School',1,'2012-08-24 21:38:54','2012-08-24 21:38:54',43,'',0,'/athlete/m-football/bronson-kaufusi'),(4690,27,'Kautai','Teu','LB','6-1','216','Freshman','Arlington, TX','The Oakridge School',1,'2012-08-24 21:38:54','2012-08-24 21:38:54',43,'',0,'/athlete/m-football/teu-kautai'),(4691,4,'Kaveinga','Uona','LB','5-11','233','Senior','Hawthorne, CA','USC',1,'2012-08-24 21:38:54','2012-08-24 21:38:54',43,'',0,'/athlete/m-football/uona-kaveinga'),(4692,97,'King','Theodore','DL','6-3','252','Freshman','San Jose, CA','Valley Christian School',1,'2012-08-24 21:38:54','2012-08-24 21:38:54',43,'',0,'/athlete/m-football/theodore-king'),(4693,87,'Krueger','Taggart','WR','6-2','185','Freshman','Sammamish, WA','Skyline High School',1,'2012-08-24 21:38:54','2012-08-24 21:38:54',43,'',0,'/athlete/m-football/taggart-krueger'),(4694,15,'Kuresa','Alex','QB','5-11','180','Freshman','Millville, UT','Mountain Crest High School',1,'2012-08-24 21:38:54','2012-08-24 21:38:54',43,'',0,'/athlete/m-football/alex-kuresa'),(4695,7,'Lark','James','QB','6-2','200','Senior','St. George, UT','Pine View High School',1,'2012-08-24 21:38:54','2012-08-24 21:38:54',43,'',0,'/athlete/m-football/james-lark'),(4696,33,'Lasike','Paul','RB','6-0','227','Sophomore','Auckland, New Zealand','Church College of New Zealand',1,'2012-08-24 21:38:54','2012-08-24 21:38:54',43,'',0,'/athlete/m-football/paul-lasike'),(4697,67,'Lawlor','Quinn','OL','6-4','278','Sophomore','Orem, UT','Orem High School',1,'2012-08-24 21:38:54','2012-08-24 21:38:54',43,'',0,'/athlete/m-football/quinn-lawlor'),(4698,51,'Lesatele','Lene','LB','6-1','238','Freshman','Artesia, CA','Gahr High School',1,'2012-08-24 21:38:54','2012-08-24 21:38:54',43,'',0,'/athlete/m-football/lene-lesatele'),(4699,56,'Leuta-Douyere','Jherremya','LB','6-0','236','Freshman','Garden Grove, CA','Servite High School',1,'2012-08-24 21:38:54','2012-08-24 21:38:54',43,'',0,'/athlete/m-football/jherremya-leuta-douyere'),(4700,84,'Mahina','Devin','TE','6-6','247','Sophomore','Upland, CA','Upland High School',1,'2012-08-24 21:38:54','2012-08-24 21:38:54',43,'',0,'/athlete/m-football/devin-mahina'),(4701,55,'Manumaleuna','Eathyn','DL','6-2','288','Senior','Anchorage, AK','Timpview High School',1,'2012-08-24 21:38:54','2012-08-24 21:38:54',43,'',0,'/athlete/m-football/eathyn-manumaleuna'),(4702,80,'Mathews','Marcus','TE','6-4','236','Junior','Beaverton, OR','Southridge High School',1,'2012-08-24 21:38:54','2012-08-24 21:38:54',43,'',0,'/athlete/m-football/marcus-mathews'),(4703,10,'Mathews','Mitch','WR','6-6','213','Freshman','Beaverton, OR','Southridge High School',1,'2012-08-24 21:38:54','2012-08-24 21:38:54',43,'',0,'/athlete/m-football/mitch-mathews'),(4704,72,'Mathews','Ryker','OL','6-6','292','Freshman','American Fork, UT','American Fork High School',1,'2012-08-24 21:38:54','2012-08-24 21:38:54',43,'',0,'/athlete/m-football/ryker-mathews'),(4705,35,'Mendenhall','Zed','RB','5-11','253','Senior','Alpine, UT','Lone Peak High School',1,'2012-08-24 21:38:54','2012-08-24 21:38:54',43,'',0,'/athlete/m-football/zed-mendenhall'),(4706,23,'Morgan','Blake','DB','5-11','184','Junior','Greeley, CO','Greeley West High School',1,'2012-08-24 21:38:54','2012-08-24 21:38:54',43,'',0,'/athlete/m-football/blake-morgan'),(4707,95,'Muehlmann','Mike','DL','6-4','268','Junior','American Fork, UT','American Fork High School',1,'2012-08-24 21:38:54','2012-08-24 21:38:54',43,'',0,'/athlete/m-football/mike-muehlmann'),(4708,11,'Munns','Jason','QB','6-5','249','Junior','Kennewick, WA','Southridge High School',1,'2012-08-24 21:38:54','2012-08-24 21:38:54',43,'',0,'/athlete/m-football/jason-munns'),(4709,13,'Nelson','Riley','QB','6-0','199','Senior','Logan, UT','Utah State',1,'2012-08-24 21:38:54','2012-08-24 21:38:54',43,'',0,'/athlete/m-football/riley-nelson'),(4710,44,'Ogletree','Brandon','LB','5-11','228','Senior','McKinney, TX','McKinney High School',1,'2012-08-24 21:38:54','2012-08-24 21:38:54',43,'',0,'/athlete/m-football/brandon-ogletree'),(4711,15,'Olsen','Ammon','QB','6-3','209','Sophomore','Draper, UT','Southern Utah University',1,'2012-08-24 21:38:54','2012-08-24 21:38:54',43,'',0,'/athlete/m-football/ammon-olsen'),(4712,38,'Pau&#039;u','Butch','LB','6-0','211','Freshman','Anaheim, CA','Servite High School',1,'2012-08-24 21:38:54','2012-08-24 21:38:54',43,'',0,'/athlete/m-football/butch-pauu'),(4713,50,'Peck','Remington','DL','6-4','236','Freshman','South Jordan, UT','Bingham High School',1,'2012-08-24 21:38:54','2012-08-24 21:38:54',43,'',0,'/athlete/m-football/remington-peck'),(4714,22,'Pikula','Manoa','LB','6-1','235','Freshman','South Jordan, UT','Bingham High School',1,'2012-08-24 21:38:54','2012-08-24 21:38:54',43,'',0,'/athlete/m-football/manoa-pikula'),(4715,29,'PoVey','Skye','DB','5-11','200','Junior','Ogden, UT','Snow College',1,'2012-08-24 21:38:54','2012-08-24 21:38:54',43,'',0,'/athlete/m-football/skye-povey'),(4716,28,'Powell','Sawyer','DB','6-1','203','Freshman','West Richland, WA','Richland High School',1,'2012-08-24 21:38:54','2012-08-24 21:38:54',43,'',0,'/athlete/m-football/sawyer-powell'),(4717,5,'Pritchard','Iona','RB','6-0','244','Sophomore','South Jordan, UT','Bingham High School',1,'2012-08-24 21:38:54','2012-08-24 21:38:54',43,'',0,'/athlete/m-football/iona-pritchard'),(4718,31,'Raymond','Cody','WR','5-9','175','Freshman','Sandy, UT','Jordan High School',1,'2012-08-24 21:38:54','2012-08-24 21:38:54',43,'',0,'/athlete/m-football/cody-raymond'),(4719,83,'Reden','Stehly','TE','6-4','250','Freshman','Valley Center, CA','Valley Center High School',1,'2012-08-24 21:38:54','2012-08-24 21:38:54',43,'',0,'/athlete/m-football/stehly-reden'),(4720,36,'Reilly','Drew','DB','6-3','183','Sophomore','Valley Center, CA','Colorado State',1,'2012-08-24 21:38:54','2012-08-24 21:38:54',43,'',0,'/athlete/m-football/drew-reilly'),(4721,78,'Reynolds','Houston','OL','6-2','305','Junior','Provo, UT','Timpview High School',1,'2012-08-24 21:38:54','2012-08-24 21:38:54',43,'',0,'/athlete/m-football/houston-reynolds'),(4722,17,'Ridley','Skyler','WR','6-0','182','Junior','Murrieta, CA','Murrieta Valley High School',1,'2012-08-24 21:38:54','2012-08-24 21:38:54',43,'',0,'/athlete/m-football/skyler-ridley'),(4723,1,'Sampson','Joe','DB','5-10','203','Senior','Oakland, CA','College of San Mateo',1,'2012-08-24 21:38:54','2012-08-24 21:38:54',43,'',0,'/athlete/m-football/joe-sampson'),(4724,48,'Sampson','Nate','LB','6-0','220','Freshman','Pleasant Grove, UT','Pleasant Grove High School',1,'2012-08-24 21:38:54','2012-08-24 21:38:54',43,'',0,'/athlete/m-football/nate-sampson'),(4725,43,'Sandlin','Rhett','LB','6-2','213','Freshman','Sandy, UT','Alta High School',1,'2012-08-24 21:38:54','2012-08-24 21:38:54',43,'',0,'/athlete/m-football/rhett-sandlin'),(4726,23,'Smith','Jordan','WR','6-4','203','Junior','Salem, UT','Spanish Fork High School',1,'2012-08-24 21:38:54','2012-08-24 21:38:54',43,'',0,'/athlete/m-football/jordan-smith'),(4727,9,'Sorensen','Daniel','DB','6-2','215','Junior','Colton, CA','Colton High School',1,'2012-08-24 21:38:54','2012-08-24 21:38:54',43,'',0,'/athlete/m-football/daniel-sorensen'),(4728,37,'Sorensen','Justin','K','6-1','232','Junior','South Jordan, UT','Bingham High School',1,'2012-08-24 21:38:54','2012-08-24 21:38:54',43,'',0,'/athlete/m-football/justin-sorensen'),(4729,99,'Stephenson','Riley','KP','6-0','205','Senior','St. George, UT','Pine View High School',1,'2012-08-24 21:38:54','2012-08-24 21:38:54',43,'',0,'/athlete/m-football/riley-stephenson'),(4730,10,'Stout','Zac','LB','6-1','217','Sophomore','Moorpark, CA','Oaks Christian',1,'2012-08-24 21:38:54','2012-08-24 21:38:54',43,'',0,'/athlete/m-football/zac-stout'),(4731,74,'Stringham','Brock','OL','6-6','290','Sophomore','Highlands Ranch, CO','Mountain Vista High School',1,'2012-08-24 21:38:54','2012-08-24 21:38:54',43,'',0,'/athlete/m-football/brock-stringham'),(4732,28,'Te&#039;o','Levi','RB','5-9','190','Freshman','Laie, HI','Timpview High School',1,'2012-08-24 21:38:54','2012-08-24 21:38:54',43,'',0,'/athlete/m-football/levi-teo'),(4733,19,'Thompson','Brett','WR','6-3','220','Sophomore','El Dorado Hills, CA','Oak Ridge High School',1,'2012-08-24 21:38:54','2012-08-24 21:38:54',43,'',0,'/athlete/m-football/brett-thompson'),(4734,52,'Tialavea','Russell','DL','6-3','265','Senior','Oceanside, CA','Oceanside High School',1,'2012-08-24 21:38:54','2012-08-24 21:38:54',43,'',0,'/athlete/m-football/russell-tialavea'),(4735,54,'Tushaus','Blair','OL','6-2','270','Sophomore','Scottsdale, AZ','Notre Dame Prep',1,'2012-08-24 21:38:54','2012-08-24 21:38:54',43,'',0,'/athlete/m-football/blair-tushaus'),(4736,89,'Tuttle','Darin','TE','6-4','245','Freshman','El Dorado Hills, CA','Oakridge High School',1,'2012-08-24 21:38:54','2012-08-24 21:38:54',43,'',0,'/athlete/m-football/darin-tuttle'),(4737,18,'Unga','Morgan','DB','6-4','182','Freshman','Ogden, UT','Bonneville High School',1,'2012-08-24 21:38:54','2012-08-24 21:38:54',43,'',0,'/athlete/m-football/morgan-unga'),(4738,41,'&#039;','Uani','LB','6-1','233','Junior','Rancho Cucamonga, CA','Oregon State',1,'2012-08-24 21:38:54','2012-08-24 21:38:54',43,'',0,'/athlete/m-football/uani-unga'),(4739,79,'Vaitai','Manaaki','OL','6-3','317','Junior','Euless, TX','Trinity High School',1,'2012-08-24 21:38:54','2012-08-24 21:38:54',43,'',0,'/athlete/m-football/manaaki-vaitai'),(4740,3,'Van','Kyle','LB','6-3','235','Junior','Reno, NV','McQueen High School',1,'2012-08-24 21:38:54','2012-08-24 21:38:54',43,'',0,'/athlete/m-football/kyle-van-noy'),(4741,93,'Vea','Simote','DL','5-11','270','Senior','Hau&#039;ula, HI','BYU-Hawaii',1,'2012-08-24 21:38:54','2012-08-24 21:38:54',43,'',0,'/athlete/m-football/simote-vea'),(4742,68,'Wilcox','Brad','OL','6-7','285','Freshman','Edmond, OK','North High School',1,'2012-08-24 21:38:54','2012-08-24 21:38:54',43,'',0,'/athlete/m-football/brad-wilcox-0'),(4743,21,'Williams','Jamaal','RB','6-0','190','Freshman','Fontana, CA','Summit High School',1,'2012-08-24 21:38:54','2012-08-24 21:38:54',43,'',0,'/athlete/m-football/jamaal-williams'),(4744,18,'Wilson','Richard','TE','6-3','240','Junior','Spanish Fork, UT','Spanish Fork High School',1,'2012-08-24 21:38:54','2012-08-24 21:38:54',43,'',0,'/athlete/m-football/richard-wilson'),(4745,77,'Yeck','Michael','OL','6-8','288','Sophomore','Keller, TX','Keller High School',1,'2012-08-24 21:38:54','2012-08-24 21:38:54',43,'',0,'/athlete/m-football/michael-yeck'),(4746,1,'Edwards','Mike','CB','5-10','180','Jr.','','Coffeyville CC',1,'2012-09-19 06:06:05','2012-09-19 06:06:05',13,NULL,11456,NULL),(4747,2,'Grimes','Tony','DB','6-0','175','Jr.','','Arizona Western JC',1,'2012-09-19 06:06:06','2012-09-19 06:06:06',13,NULL,11746,NULL),(4748,2,'Sampson','Allen','WR','5-7','145','Jr.','','Plant HS',1,'2012-09-19 06:06:06','2012-09-19 06:06:06',13,NULL,11516,NULL),(4749,3,'Taimatuia','TJ','LB','6-3','235','So.','','Artesia HS',1,'2012-09-19 06:06:06','2012-09-19 06:06:06',13,NULL,11525,NULL),(4750,4,'Gregory','Will','RB','6-0','190','Fr.','','Dominguez HS',1,'2012-09-19 06:06:06','2012-09-19 06:06:06',13,NULL,11468,NULL),(4751,5,'Ray','Billy','WR','6-0','175','Jr.','','St. Louis School',1,'2012-09-19 06:06:06','2012-09-19 06:06:06',13,NULL,11523,NULL),(4752,6,'McBride','Darryl','LB','6-2','200','Sr.','','Mendocino College',1,'2012-09-19 06:06:06','2012-09-19 06:06:06',13,NULL,11499,NULL),(4753,7,'Iosefa','Joey','RB','6-0','240','So.','','Fagaitua HS',1,'2012-09-19 06:06:06','2012-09-19 06:06:06',13,NULL,11477,NULL),(4754,8,'Clay','Brian','S','6-0','180','So.','','Will C. Wood HS',1,'2012-09-19 06:06:06','2012-09-19 06:06:06',13,NULL,11441,NULL),(4755,8,'Graham','Taylor','QB','6-5','235','So.','','Ohio State',1,'2012-09-19 06:06:06','2012-09-19 06:06:06',13,NULL,11545,NULL),(4756,9,'Poueu-Luna','Bubba','S','5-11','175','So.','','Great Oak HS',1,'2012-09-19 06:06:06','2012-09-19 06:06:06',13,NULL,11512,NULL),(4757,10,'Ornellas','Kawika','CB','5-9','175','Sr.','','Mililani HS',1,'2012-09-19 06:06:06','2012-09-19 06:06:06',13,NULL,11508,NULL),(4758,11,'Woolsey','Ikaika','QB','6-1','215','Fr.','','Salesian HS',1,'2012-09-19 06:06:06','2012-09-19 06:06:06',13,NULL,11558,NULL),(4759,12,'Higgins','Jeremy','QB','6-1','200','So.','','Utah State',1,'2012-09-19 06:06:06','2012-09-19 06:06:06',13,NULL,11473,NULL),(4760,13,'Clapp','Justin','WR','6-2','195','Jr.','','De La Salle HS',1,'2012-09-19 06:06:06','2012-09-19 06:06:06',13,NULL,11440,NULL),(4761,14,'Graves','David','WR','6-0','195','Jr.','','Folsom High School',1,'2012-09-19 06:06:06','2012-09-19 06:06:06',13,NULL,11467,NULL),(4762,15,'Shutter','Cayman','QB','6-1','185','Jr.','','Punahou School',1,'2012-09-19 06:06:06','2012-09-19 06:06:06',13,NULL,11519,NULL),(4763,16,'Alo','Justin','WR','6-1','195','Fr.','','Carson HS',1,'2012-09-19 06:06:06','2012-09-19 06:06:06',13,NULL,11577,NULL),(4764,17,'Armstrong','Ijumaa','S','5-8','170','Fr.','','Culver City HS',1,'2012-09-19 06:06:06','2012-09-19 06:06:06',13,NULL,11433,NULL),(4765,18,'Sellers','Mike','CB','5-11','175','So.','','Campbell HS',1,'2012-09-19 06:06:06','2012-09-19 06:06:06',13,NULL,11517,NULL),(4766,19,'Schroeder','Sean','QB','6-3','200','Jr.','','Duke',1,'2012-09-19 06:06:06','2012-09-19 06:06:06',13,NULL,11744,NULL),(4767,20,'Phillips','Ne\'Quan','CB','5-9','180','Fr.','','Southridge HS',1,'2012-09-19 06:06:06','2012-09-19 06:06:06',13,NULL,11561,NULL),(4768,21,'Anguay','Samson','WR','5-7','160','Fr.','','Campbell HS',1,'2012-09-19 06:06:06','2012-09-19 06:06:06',13,NULL,11431,NULL),(4769,22,'Lutu','Leroy','S','6-2','210','Sr.','','Mercer Island HS',1,'2012-09-19 06:06:06','2012-09-19 06:06:06',13,NULL,11493,NULL),(4770,23,'Maggitt','Dee','CB','5-8','170','So.','','Lakes HS',1,'2012-09-19 06:06:06','2012-09-19 06:06:06',13,NULL,11494,NULL),(4771,24,'Bukoski','Duke','WR','6-0','205','Fr.','','St. Louis School',1,'2012-09-19 06:06:06','2012-09-19 06:06:06',13,NULL,11578,NULL),(4772,25,'Jackson','Marrell','DB','6-0','180','Fr.','','Miramar HS',1,'2012-09-19 06:06:06','2012-09-19 06:06:06',13,NULL,11747,NULL),(4773,26,'Lakalaka','Steven','RB','5-10','215','Fr.','','Punahou School',1,'2012-09-19 06:06:06','2012-09-19 06:06:06',13,NULL,11547,NULL),(4774,27,'Hadden','Tyler','PK','5-11','180','So.','','California HS',1,'2012-09-19 06:06:06','2012-09-19 06:06:06',13,NULL,11469,NULL),(4775,28,'Jackson','Sterling','RB','6-0','220','Sr.','','Mendocino College',1,'2012-09-19 06:06:06','2012-09-19 06:06:06',13,NULL,11478,NULL),(4776,29,'Harding','Scott','WR','5-11','195','So.','','Anglican Church GS',1,'2012-09-19 06:06:06','2012-09-19 06:06:06',13,NULL,11471,NULL),(4777,30,'Donovan','Joshua','DB','6-0','200','Fr.','','Mid-Pacific Institute',1,'2012-09-19 06:06:06','2012-09-19 06:06:06',13,NULL,11743,NULL),(4778,30,'Pasoquen','Ryan','DB','6-0','190','Fr.','','Leilehua HS',1,'2012-09-19 06:06:06','2012-09-19 06:06:06',13,NULL,11511,NULL),(4779,31,'Dunnachie','Alex','P','6-4','220','Sr.','','Marcellin College',1,'2012-09-19 06:06:06','2012-09-19 06:06:06',13,NULL,11455,NULL),(4780,33,'Hardy-Tuliau','John','CB','5-11','180','Jr.','','Vista Murrieta HS',1,'2012-09-19 06:06:06','2012-09-19 06:06:06',13,NULL,11472,NULL),(4781,34,'Lister','John','RB','6-0','210','So.','','Thousand Oaks HS',1,'2012-09-19 06:06:06','2012-09-19 06:06:06',13,NULL,11488,NULL),(4782,35,'Leaf','Jared','RB','6-1','230','Fr.','','Alhambra HS',1,'2012-09-19 06:06:06','2012-09-19 06:06:06',13,NULL,11484,NULL),(4783,36,'Fonua','Benetton','LB','6-1','220','Fr.','','Kahuku HS',1,'2012-09-19 06:06:06','2012-09-19 06:06:06',13,NULL,11543,NULL),(4784,37,'Clay','Charles','S','5-11','190','Jr.','','SMU',1,'2012-09-19 06:06:06','2012-09-19 06:06:06',13,NULL,11442,NULL),(4785,38,'Johnson','Dante','DB','6-1','180','Fr.','','North Gwinett HS',1,'2012-09-19 06:06:06','2012-09-19 06:06:06',13,NULL,11479,NULL),(4786,39,'Niiro','Kyle','PK','5-11','225','Jr.','','Kaiser HS',1,'2012-09-19 06:06:06','2012-09-19 06:06:06',13,NULL,11505,NULL),(4787,39,'Watanabe','Ethan','FB/TE','6-3','260','Fr.','','Brennan HS',1,'2012-09-19 06:06:06','2012-09-19 06:06:06',13,NULL,11556,NULL),(4788,40,'Garcia-Williams','Jerrol','LB','6-3','205','Fr.','','Palo Verde HS',1,'2012-09-19 06:06:06','2012-09-19 06:06:06',13,NULL,11544,NULL),(4789,41,'Laurel','Art','LB','6-0','235','Jr.','','Leilehua HS',1,'2012-09-19 06:06:06','2012-09-19 06:06:06',13,NULL,11483,NULL),(4790,42,'Falemalu','Paipai','DL','6-3','245','Sr.','','Kahuku HS',1,'2012-09-19 06:06:06','2012-09-19 06:06:06',13,NULL,11460,NULL),(4791,43,'Elisara','Dustin','FB','6-0','270','So.','','Kapolei HS',1,'2012-09-19 06:06:06','2012-09-19 06:06:06',13,NULL,11457,NULL),(4792,43,'Makaiau','Jonathan','LB','5-10','220','Fr.','','Mililani HS',1,'2012-09-19 06:06:06','2012-09-19 06:06:06',13,NULL,11751,NULL),(4793,44,'Tachibana','Alema','LB','6-2','215','Jr.','','Kahuku HS',1,'2012-09-19 06:06:06','2012-09-19 06:06:06',13,NULL,11524,NULL),(4794,45,'Ingram','Luke','LS','6-6','235','Sr.','','Mililani High School',1,'2012-09-19 06:06:07','2012-09-19 06:06:07',13,NULL,11476,NULL),(4795,46,'McCagg','Dylan','LB','6-2','235','Sr.','','San Diego Mesa College',1,'2012-09-19 06:06:07','2012-09-19 06:06:07',13,NULL,11500,NULL),(4796,47,'Alo','Kamalani','LB','6-2','215','Jr.','','Kahuku High School',1,'2012-09-19 06:06:07','2012-09-19 06:06:07',13,NULL,11428,NULL),(4797,48,'Martin','Michael','DB','6-1','190','Jr.','','Mount San Antonio College',1,'2012-09-19 06:06:07','2012-09-19 06:06:07',13,NULL,11752,NULL),(4798,48,'Vele','Justin','FB','6-0','240','Fr.','','Farrington HS',1,'2012-09-19 06:06:07','2012-09-19 06:06:07',13,NULL,11532,NULL),(4799,49,'Enos','Rykin','LB','5-10','205','Sr.','','Kamehameha Schools',1,'2012-09-19 06:06:07','2012-09-19 06:06:07',13,NULL,11458,NULL),(4800,49,'King','Donnie','WR','5-7','155','So.','','Kapolei HS',1,'2012-09-19 06:06:07','2012-09-19 06:06:07',13,NULL,11481,NULL),(4801,50,'Friel','Calen','DL','6-2','305','Rf.','','Kailua HS',1,'2012-09-19 06:06:07','2012-09-19 06:06:07',13,NULL,11461,NULL),(4802,51,'Williams','Lance','LB','6-2','220','Fr.','','Farrington HS',1,'2012-09-19 06:06:07','2012-09-19 06:06:07',13,NULL,11557,NULL),(4803,52,'Van','Kendrick','LB','5-11','200','Fr.','','Bellevue HS',1,'2012-09-19 06:06:07','2012-09-19 06:06:07',13,NULL,11531,NULL),(4804,53,'Malepeai','Marcus','DL','6-1','260','So.','','Radford HS',1,'2012-09-19 06:06:07','2012-09-19 06:06:07',13,NULL,11496,NULL),(4805,54,'Afusia','Kody','OL','6-2','305','So.','','Ocean View HS',1,'2012-09-19 06:06:07','2012-09-19 06:06:07',13,NULL,11427,NULL),(4806,55,'Daily-Lyles','George','LB','5-11','230','Jr.','','Long Beach Poly HS',1,'2012-09-19 06:06:07','2012-09-19 06:06:07',13,NULL,11448,NULL),(4807,56,'Daley','Brenden','LB','6-3','255','Jr.','','Ventura JC',1,'2012-09-19 06:06:07','2012-09-19 06:06:07',13,NULL,11449,NULL),(4808,57,'Sai','Kapua','OL','6-4','315','Jr.','','Utah',1,'2012-09-19 06:06:07','2012-09-19 06:06:07',13,NULL,11749,NULL),(4809,58,'Loeffler','Jordan','OL','6-5','315','So.','','Hilo HS',1,'2012-09-19 06:06:07','2012-09-19 06:06:07',13,NULL,11489,NULL),(4810,59,'Matagiese','Siasau','DL','6-2','285','Jr.','','Portland State',1,'2012-09-19 06:06:07','2012-09-19 06:06:07',13,NULL,11498,NULL),(4811,60,'Stevenson','Giovanni','LB','5-10','225','Fr.','','Campbell HS',1,'2012-09-19 06:06:07','2012-09-19 06:06:07',13,NULL,11753,NULL),(4812,61,'Hittner','Brian','LS','6-1','170','So.','','Saddleback JC',1,'2012-09-19 06:06:07','2012-09-19 06:06:07',13,NULL,11762,NULL),(4813,62,'Winchester-Makainai','Chauncy','OL','6-4','325','Jr.','','Kailua High School',1,'2012-09-19 06:06:07','2012-09-19 06:06:07',13,NULL,11535,NULL),(4814,63,'Dew','Ben','OL','6-3','305','Fr.','','Word of Life Academy',1,'2012-09-19 06:06:07','2012-09-19 06:06:07',13,NULL,11453,NULL),(4815,65,'Nihi','John','OL','6-2','385','Fr.','','Roosevelt HS',1,'2012-09-19 06:06:07','2012-09-19 06:06:07',13,NULL,11755,NULL),(4816,66,'Muir','Blake','OL','6-5','290','Fr.','','Kirrawee HS',1,'2012-09-19 06:06:08','2012-09-19 06:06:08',13,NULL,11502,NULL),(4817,67,'Hollowed','Hunter','OL','6-1','275','Jr.','','Mt. San Jacinto JC',1,'2012-09-19 06:06:08','2012-09-19 06:06:08',13,NULL,11576,NULL),(4818,68,'Shigematsu','Sean','OL','6-4','305','So.','','Kapaa HS',1,'2012-09-19 06:06:08','2012-09-19 06:06:08',13,NULL,11518,NULL),(4819,69,'Urban','Brenden','OL','6-1','300','So.','','Adams State',1,'2012-09-19 06:06:08','2012-09-19 06:06:08',13,NULL,11756,NULL),(4820,70,'Loyd','Frank','OL','6-3','300','So.','','Moanalua HS',1,'2012-09-19 06:06:08','2012-09-19 06:06:08',13,NULL,11492,NULL),(4821,71,'Clarke','Ben','OL','6-3','275','Fr.','','Chatfield HS',1,'2012-09-19 06:06:08','2012-09-19 06:06:08',13,NULL,11540,NULL),(4822,74,'Thomson','Hunter','DL','6-2','250','Fr.','','Waialua HS',1,'2012-09-19 06:06:08','2012-09-19 06:06:08',13,NULL,11760,NULL),(4823,75,'Sai','Kiha','OL','6-3','315','Fr.','','Kamehameha Schools',1,'2012-09-19 06:06:08','2012-09-19 06:06:08',13,NULL,11553,NULL),(4824,76,'Lefotu','Dave','OL','6-3','305','So.','','Pearl City HS',1,'2012-09-19 06:06:08','2012-09-19 06:06:08',13,NULL,11485,NULL),(4825,77,'Milovale','Mike','OL','6-3','320','Jr.','','Hartnell College',1,'2012-09-19 06:06:08','2012-09-19 06:06:08',13,NULL,11550,NULL),(4826,78,'Koloamatangi','Leo','OL','6-5','260','Fr.','','Sacred Heart Prep',1,'2012-09-19 06:06:08','2012-09-19 06:06:08',13,NULL,11546,NULL),(4827,79,'Haretuku','Dale','DL','6-1','250','So.','','Tafuna HS',1,'2012-09-19 06:06:08','2012-09-19 06:06:08',13,NULL,11757,NULL),(4828,80,'Ostrowski','Jeremiah','WR','5-9','175','Sr.','','Punahou School',1,'2012-09-19 06:06:08','2012-09-19 06:06:08',13,NULL,11509,NULL),(4829,81,'Gant','Chris','WR','6-0','180','Jr.','','Moorpark College',1,'2012-09-19 06:06:08','2012-09-19 06:06:08',13,NULL,11462,NULL),(4830,82,'Bright','Darius','WR','6-4','230','Sr.','','City Coll of SF',1,'2012-09-19 06:06:08','2012-09-19 06:06:08',13,NULL,11436,NULL),(4831,83,'Doe','Cecil','WR','6-4','205','Jr.','','ND St Coll of Science',1,'2012-09-19 06:06:08','2012-09-19 06:06:08',13,NULL,11454,NULL),(4832,84,'Amadi','Chinedu','WR','5-9','185','Fr.','','Chino HS',1,'2012-09-19 06:06:08','2012-09-19 06:06:08',13,NULL,11429,NULL),(4833,85,'Pu`u-Robinson','Jordan','DL','6-4','260','Jr.','','Washington State',1,'2012-09-19 06:06:08','2012-09-19 06:06:08',13,NULL,11748,NULL),(4834,86,'Cofer','Craig','TE','6-5','250','Jr.','','Grossmont College',1,'2012-09-19 06:06:08','2012-09-19 06:06:08',13,NULL,11443,NULL),(4835,87,'Hall','Ryan','TE','6-4','240','Jr.','','Duke',1,'2012-09-19 06:06:08','2012-09-19 06:06:08',13,NULL,11758,NULL),(4836,88,'Paclebar','Corey','WR','5-7','170','Jr.','','Las Lomas HS',1,'2012-09-19 06:06:08','2012-09-19 06:06:08',13,NULL,11510,NULL),(4837,89,'Davis','Trevor','WR','6-1','170','So.','','Alhambra HS',1,'2012-09-19 06:06:09','2012-09-19 06:06:09',13,NULL,11451,NULL),(4838,90,'Hanohano','Geordon','DL','6-1','300','Sr.','','St. Louis School',1,'2012-09-19 06:06:09','2012-09-19 06:06:09',13,NULL,11470,NULL),(4839,91,'Samia','Moses','DL','6-1','295','So.','','Saint Louis School',1,'2012-09-19 06:06:09','2012-09-19 06:06:09',13,NULL,11515,NULL),(4840,92,'Yap','Beau','DL','6-1','260','So.','','Kamehameha Schools',1,'2012-09-19 06:06:09','2012-09-19 06:06:09',13,NULL,11537,NULL),(4841,93,'Dean','Desmond','DL','6-5','220','So.','','John Tyler HS',1,'2012-09-19 06:06:09','2012-09-19 06:06:09',13,NULL,11452,NULL),(4842,94,'Cravens','Siaki','DL','6-2','245','Sr.','','Long Beach CC',1,'2012-09-19 06:06:09','2012-09-19 06:06:09',13,NULL,11446,NULL),(4843,94,'Evans','Clark','TE','6-4','245','Jr.','','Cerritos College',1,'2012-09-19 06:06:09','2012-09-19 06:06:09',13,NULL,11541,NULL),(4844,95,'Andrade','Mike','DL','6-2','275','Fr.','','Konawaena HS',1,'2012-09-19 06:06:09','2012-09-19 06:06:09',13,NULL,11745,NULL),(4845,95,'Birks','Blakelyn','WR','5-10','200','Jr.','','Santa Rosa JC',1,'2012-09-19 06:06:09','2012-09-19 06:06:09',13,NULL,11759,NULL),(4846,96,'Cavaco-Amoy','Ho`oikaika','DL','6-2','245','Jr.','','St. Louis School',1,'2012-09-19 06:06:09','2012-09-19 06:06:09',13,NULL,11437,NULL),(4847,96,'Langley','Elijah','WR','5-10','175','Fr.','','Maryville HS',1,'2012-09-19 06:06:09','2012-09-19 06:06:09',13,NULL,11761,NULL);
/*!40000 ALTER TABLE `players` ENABLE KEYS */;
UNLOCK TABLES;

--
-- Table structure for table `schedules`
--

DROP TABLE IF EXISTS `schedules`;
SET @saved_cs_client     = @@character_set_client;
SET character_set_client = utf8;
CREATE TABLE `schedules` (
  `id` int(11) NOT NULL auto_increment,
  PRIMARY KEY  (`id`)
) ENGINE=InnoDB DEFAULT CHARSET=latin1;
SET character_set_client = @saved_cs_client;

--
-- Dumping data for table `schedules`
--

LOCK TABLES `schedules` WRITE;
/*!40000 ALTER TABLE `schedules` DISABLE KEYS */;
/*!40000 ALTER TABLE `schedules` ENABLE KEYS */;
UNLOCK TABLES;

--
-- Table structure for table `schema_migrations`
--

DROP TABLE IF EXISTS `schema_migrations`;
SET @saved_cs_client     = @@character_set_client;
SET character_set_client = utf8;
CREATE TABLE `schema_migrations` (
  `version` varchar(255) NOT NULL,
  UNIQUE KEY `unique_schema_migrations` (`version`)
) ENGINE=InnoDB DEFAULT CHARSET=latin1;
SET character_set_client = @saved_cs_client;

--
-- Dumping data for table `schema_migrations`
--

LOCK TABLES `schema_migrations` WRITE;
/*!40000 ALTER TABLE `schema_migrations` DISABLE KEYS */;
INSERT INTO `schema_migrations` VALUES ('1'),('10'),('11'),('12'),('13'),('14'),('15'),('16'),('17'),('18'),('19'),('20'),('20090704193551'),('20090806010812'),('20090913154344'),('20091008200421'),('20100424133959'),('20100424200608'),('20101012010513'),('20110730214533'),('21'),('22'),('23'),('24'),('25'),('26'),('27'),('28'),('29'),('30'),('4'),('5'),('6'),('7'),('8'),('9');
/*!40000 ALTER TABLE `schema_migrations` ENABLE KEYS */;
UNLOCK TABLES;

--
-- Table structure for table `seasons`
--

DROP TABLE IF EXISTS `seasons`;
SET @saved_cs_client     = @@character_set_client;
SET character_set_client = utf8;
CREATE TABLE `seasons` (
  `id` int(11) NOT NULL auto_increment,
  `name` varchar(255) default NULL,
  PRIMARY KEY  (`id`)
) ENGINE=InnoDB AUTO_INCREMENT=9 DEFAULT CHARSET=latin1;
SET character_set_client = @saved_cs_client;

--
-- Dumping data for table `seasons`
--

LOCK TABLES `seasons` WRITE;
/*!40000 ALTER TABLE `seasons` DISABLE KEYS */;
INSERT INTO `seasons` VALUES (1,'2007-08'),(2,'2006-07'),(3,'2005-06'),(4,'2008-09'),(5,'2009-10'),(6,'2010-11'),(7,'2011-12'),(8,'2012-13');
/*!40000 ALTER TABLE `seasons` ENABLE KEYS */;
UNLOCK TABLES;

--
-- Table structure for table `stadia`
--

DROP TABLE IF EXISTS `stadia`;
SET @saved_cs_client     = @@character_set_client;
SET character_set_client = utf8;
CREATE TABLE `stadia` (
  `id` int(11) NOT NULL auto_increment,
  `name` varchar(255) default NULL,
  `city` varchar(255) default NULL,
  `state` varchar(255) default NULL,
  `capacity` varchar(255) default NULL,
  `lat` varchar(255) default NULL,
  `lng` varchar(255) default NULL,
  PRIMARY KEY  (`id`)
) ENGINE=InnoDB AUTO_INCREMENT=21 DEFAULT CHARSET=latin1;
SET character_set_client = @saved_cs_client;

--
-- Dumping data for table `stadia`
--

LOCK TABLES `stadia` WRITE;
/*!40000 ALTER TABLE `stadia` DISABLE KEYS */;
INSERT INTO `stadia` VALUES (1,'Bronco Stadium','Boise','ID','33,500',NULL,NULL),(2,'Husky Stadium','Seattle','WA','72,500',NULL,NULL),(3,'Joe Aillet Stadium','Ruston','LA','30,600',NULL,NULL),(4,'Bulldog Stadium','Fresno','CA','41,031',NULL,NULL),(5,'Romney Stadium','Logan','UT','25,513',NULL,NULL),(6,'Aloha Stadium','Honolulu','HI','50,000',NULL,NULL),(7,'Roberts Stadium','Hattiesburg','MS','33,000',NULL,NULL),(8,'War Memorial Stadium','Laramie','WY','33,500',NULL,NULL),(9,'Stewart Stadium','Ogden','UT','17,000',NULL,NULL),(10,'Aggie Memorial Stadium','Las Cruses','NM','40,000',NULL,NULL),(11,'MacKay Stadium','Reno','NV','29,993',NULL,NULL),(12,'Spartan Stadium','San Jose','CA','30,456',NULL,NULL),(13,'Kibbie Dome','Moscow','ID','16,000',NULL,NULL),(14,'Holt Arena','Pocatello','ID','12,000',NULL,NULL),(15,'Doyt Perry Stadium','Bowling Green','OH','23,724',NULL,NULL),(16,'Autzen Stadium','Eugene','OR','54,000',NULL,NULL),(17,'Skelly Field at H.A. Chapman Stadium','Tulsa','OK','30,000',NULL,NULL),(18,'Fred C. Yager Stadium','Oxford','OH','30,000',NULL,NULL),(19,'Aggies Stadium','Davis','CA','10,000',NULL,NULL),(20,'Amon G. Carter','Fort Worth','TX','44,008',NULL,NULL);
/*!40000 ALTER TABLE `stadia` ENABLE KEYS */;
UNLOCK TABLES;

--
-- Table structure for table `teams`
--

DROP TABLE IF EXISTS `teams`;
SET @saved_cs_client     = @@character_set_client;
SET character_set_client = utf8;
CREATE TABLE `teams` (
  `id` int(11) NOT NULL auto_increment,
  `name` varchar(255) default NULL,
  `stadium_id` int(11) default NULL,
  `division_id` int(11) default NULL,
  `nickname` varchar(255) default NULL,
  `mascot` varchar(255) default NULL,
  `city` varchar(255) default NULL,
  `state` varchar(255) default NULL,
  `conference_id` int(11) default NULL,
  `athletics_website` varchar(255) default NULL,
  `university_website` varchar(255) default NULL,
  `logo` varchar(255) default NULL,
  `coach` varchar(255) default NULL,
  `coach_hire_date` date default NULL,
  `colors` varchar(255) default NULL,
  `newspaper_website` varchar(255) default NULL,
  `espn_id` int(11) default NULL,
  PRIMARY KEY  (`id`)
) ENGINE=InnoDB AUTO_INCREMENT=132 DEFAULT CHARSET=latin1;
SET character_set_client = @saved_cs_client;

--
-- Dumping data for table `teams`
--

LOCK TABLES `teams` WRITE;
/*!40000 ALTER TABLE `teams` DISABLE KEYS */;
INSERT INTO `teams` VALUES (1,'Boise State',1,1,'BSU','Broncos','Boise','Idaho',8,'http://www.broncosports.com','http://www.boisestate.edu/','/images/logos/team-logo-bosu.gif','Chris Petersen','2005-12-16','Blue and Orange','http://www.idahostatesman.com/',68),(2,'Weber State',9,2,'weber','Wildcats','Ogden','UT',14,'http://departments.weber.edu/athletics/','http://weber.edu/','/images/logos/weber_state.gif','Ron McBride','2004-12-14','Purple and White','http://sltrib.com/',NULL),(3,'University of Washington',2,1,'UW','Huskies','Seattle','WA',9,'http://gohuskies.cstv.com/','http://www.washington.edu/','/images/logos/team-logo-wash.gif','Tyrone Willingham','2004-12-13','Purple and Gold','http://seattletimes.nwsource.com/html/home/',264),(4,'Wyoming',8,1,'Wyoming','Cowboys','Laramie','WY',8,'http://wyomingathletics.cstv.com/','http://www.uwyo.edu/','/images/logos/wyoming.gif','Joe Glenn','2001-12-12','Brown and Gold','http://www.laramieboomerang.com/',NULL),(5,'Southern Miss',7,1,'Southern Miss','Golden Eagles','Hattiesburg','MS',5,'http://southernmiss.cstv.com/','http://www.usm.edu/index.php','/images/logos/southern_miss.gif','Larry Fedora','2007-12-02','Black and Gold','http://www.clarionledger.com',2572),(6,'New Mexico State',10,1,'NMS','Aggies','Las Cruses','NM',12,'http://nmstatesports.com/','http://www.nmsu.edu/','/images/logos/nm_state.gif','DeWayne Walker','2008-12-30','Crimson and White','http://www.lcsun-news.com/',166),(7,'Nevada Reno',11,1,'Nevada','Wolf Pack','Reno','NV',8,'http://www.nevadawolfpack.com','http://www.unr.edu/content/','/images/logos/nevada.gif','Chris Ault','2003-12-04','Blue and Silver','',2440),(8,'Louisiana Tech',3,1,'LA Tech','Bulldogs','Ruston','LA',12,'http://www.latechsports.com/','http://www.latech.edu/','/images/logos/la_tech.gif','Derek Dooley','2006-12-09','Red and Blue','http://www.shreveporttimes.com/apps/pbcs.dll/frontpage',2348),(9,'Fresno State',4,1,'Fresno','Bulldogs','Fresno','CA',8,'http://gobulldogs.cstv.com/','http://www.csufresno.edu/','/images/logos/fresno_state.gif','Pat Hill','1996-12-15','Red and Blue','http://www.fresnobee.com/',278),(10,'San Jose State',12,1,'SJSU','Spartans','San Jose','CA',12,'http://www.sjsuspartans.com/','http://www.sjsu.edu/','/images/logos/sjsu.gif','Dick Tomey','2005-12-08','Gold and White','http://www.mercurynews.com/',23),(11,'Utah State',5,1,'USU','Aggies','Logan','UT',12,'http://utahstateaggies.cstv.com/','http://www.usu.edu/','/images/logos/utah_state.gif','Gary Anderson','2008-12-04','Blue','http://hjnews.townnews.com/',328),(12,'University of Idaho',13,1,'Vandies','Vandals','Moscow','ID',12,'http://www.govandals.com/','http://www.uihome.uidaho.edu/uihome/','/images/logos/u_of_idaho.gif','Robb Akey','2006-12-06','Silver and Gold','',70),(13,'University of Hawaii',6,1,'UH','Warriors','Honolulu','HI',8,'http://uhathletics.hawaii.edu/','http://www.hawaii.edu/','/images/logos/team-logo-haw.gif','Greg McMackin','2008-01-16','Green and Black','http://www.honoluluadvertiser.com/',62),(14,'Cal Poly',NULL,2,'Cal Poly','Mustangs','San Luis Obispo','CA',17,'http://gopoly.com/index.php?p=sports_news&cat_sport=39','http://gopoly.com/index.php','','',NULL,'','',NULL),(15,'Montana State',NULL,2,'MSU','Bobcats','Bozeman','MT',14,'http://www.msubobcats.com/','http://www.montana.edu/','','',NULL,'','',NULL),(16,'University of Montana',NULL,2,'Grizz','Grizzlies','Missoula','MT',14,'http://www.umt.edu/InformationAbout/Athletics','http://www.umt.edu/','','',NULL,'','',NULL),(17,'Sacramento State',NULL,2,'','','','',14,'','','','',NULL,'','',NULL),(18,'Northern Colorado',NULL,2,'','','','',14,'','','','',NULL,'','',NULL),(19,'Northern Arizona',NULL,2,'','','','',14,'','','','',NULL,'','',NULL),(20,'Portland State',NULL,2,'','','','',14,'','','','',NULL,'','',NULL),(21,'Idaho State',14,2,'ISU','Bengals','Pocatello','ID',14,'http://isubengals.cstv.com/','http://www.isu.edu','/images/logos/idaho_state.png','John Zamberlin','2006-12-15','Black and Orange','http://www.journalnet.com/',NULL),(22,'Fort Lewis College',NULL,3,'','','','',NULL,'','','','',NULL,'','',NULL),(23,'Eastern Washington',NULL,2,'','','','',14,'','','','',NULL,'','',NULL),(24,'Syracuse',NULL,1,'Orange','Orange Men','','',3,'','','','',NULL,'','',NULL),(25,'Ohio State',NULL,1,'Ohio','Buckeyes','','OH',4,'','','','',NULL,'','',NULL),(26,'UCLA',NULL,1,'','Bruins','Los Angeles','CA',9,'','','','',NULL,'','',26),(27,'USC',NULL,1,'USC','Trojans','Los Angeles','CA',9,'','','','',NULL,'','',30),(28,'Arizona State',NULL,1,'ASU','Sun Devils','','AZ',9,'','','','',NULL,'','',9),(29,'Oregon',16,1,'O','Ducks','Eugene','OR',9,'http://www.goducks.com/','http://www.uoregon.edu/','/images/logos/oregon.gif','Chip Kelly','2008-12-13','Green and Yellow','http://www.registerguard.com/web/news/index.csp',2483),(30,'University of Arizona',NULL,1,'','Wildcats','','AZ',9,'','','','',NULL,'','',NULL),(31,'Stanford',NULL,1,'Stanford','The Cardinal','Stanford','CA',9,'','','','',NULL,'','',NULL),(32,'Oregon State',NULL,1,'OSU','Beavers','Corvallis','OR',9,'','','','',NULL,'','',204),(33,'California',NULL,1,'Cal','Golden Bears','Berkeley','CA',9,'http://calbears.cstv.com/','','','',NULL,'','',25),(34,'Washington State',NULL,1,'WSU','Cougars','Pullman','WA',9,'','','','',NULL,'','',265),(35,'Virginia',NULL,1,'Virginia','Cavaliers','','VA',1,'','','','',NULL,'','',NULL),(36,'Ohio',NULL,1,'Ohio','Bobcats','Athens','OH',7,'','','','',NULL,'','',NULL),(37,'TCU',20,1,'TCU','Horned Frogs','Fort Worth','TX',8,'http://gofrogs.cstv.com/','http://www.tcu.edu/','/images/logos/TCUHornedFrogs.png','Gary Patterson','2000-12-15','Purple and White','',NULL),(38,'New Mexico',NULL,1,'UNM','Lobos','','NM',8,'','','','',NULL,'','',NULL),(39,'Air Force',NULL,1,'AF','Falcons','','CO',8,'','','','',NULL,'','',NULL),(40,'UNLV',NULL,1,'UNLV','Rebels','Las Vegas','NV',8,'','','','',NULL,'','',NULL),(41,'San Diego State',NULL,1,'SDSU','Aztecs','San Diego','CA',8,'','','','',NULL,'','',NULL),(42,'University of Utah',NULL,1,'U of U','Utes','Salt Lake City','UT',9,'','','','',NULL,'','',254),(43,'BYU',NULL,1,'BYU','Cougars','Provo','UT',6,'','','','',NULL,'','',252),(44,'Colorado State',NULL,1,'CSU','Rams','','CO',8,'','','','',NULL,'','',NULL),(45,'Tennessee-Martin',NULL,2,'','Skyhawks','','',23,'','','','',NULL,'','',NULL),(46,'Tennessee',NULL,1,'Vols','Volunteers','','TN',11,'','','','',NULL,'','',NULL),(47,'East Carolina',NULL,1,'EC','Pirates','','',5,'','','','',NULL,'','',151),(48,'Rice',NULL,1,'Rice','Owls','','TX',5,'','','','',NULL,'','',NULL),(49,'Southern Methodist University',NULL,1,'SMU','Mustangs','','TX',5,'','','','',NULL,'','',NULL),(50,'Marshall',NULL,1,'','Thundering Herd','','',5,'','','','',NULL,'','',NULL),(51,'University of Central Florida',NULL,1,'UCF','Knights','','FL',5,'','','','',NULL,'','',NULL),(52,'University of Alabama Birmingham',NULL,1,'UAB','Blazers','Birmingham','AL',5,'','','','',NULL,'','',NULL),(53,'Memphis',NULL,1,'UM','Tigers','Memphis','TN',5,'','','','',NULL,'','',NULL),(54,'UTEP',NULL,1,'UTEP','Miners','El Paso','TX',5,'','','','',NULL,'','',NULL),(55,'Arkansas State',NULL,1,'ASU','Indians','','AR',10,'','','','',NULL,'','',NULL),(56,'Central Arkansas',NULL,2,'','Bears','','AR',27,'','','','',NULL,'','',NULL),(57,'Mississippi',NULL,1,'Ole Miss','Rebels','','MS',11,'','','','',NULL,'','',NULL),(58,'Louisiana State',NULL,1,'LSU','Tigers','','LA',11,'','','','',NULL,'','',NULL),(59,'Texas A&M',NULL,1,'A&M','Aggies','','TX',2,'','','','',NULL,'','',NULL),(60,'Kansas State',NULL,1,'KSU','Wildcats','','KS',2,'','','','',NULL,'','',NULL),(61,'Oklahoma',NULL,1,'UO','Sooners','','OK',2,'','','','',NULL,'','',201),(62,'Charleston Southern',NULL,2,'','Buccaneers','','',15,'','','','',NULL,'','',NULL),(63,'Southeastern Louisiana',NULL,2,'','Lions','','',27,'','','','',NULL,'','',NULL),(64,'Auburn',NULL,1,'UA','Tigers','','AL',11,'','','','',NULL,'','',NULL),(65,'Arkansas-Pine Bluff',NULL,2,'','Golden Lions','','',28,'','','','',NULL,'','',NULL),(66,'Nebraska',NULL,1,'Huskers','Cornhuskers','','',2,'','','','',NULL,'','',NULL),(67,'Northwestern',NULL,1,'NW','Wildcats','','IL',4,'','','','',NULL,'','',NULL),(68,'Nicholls State',NULL,2,'','Colonels','','',27,'','','','',NULL,'','',NULL),(69,'UC Davis',19,2,'Aggies','Aggies','Davis','CA',17,'http://www.ucdavisaggies.com/','http://www.ucdavis.edu/','/images/logos/ucdavis.gif','Bob Biggs','1993-12-17','Blue and Gold','http://www.davisenterprise.com/',302),(70,'Northern Illinois',NULL,1,'NI','Huskies','','IL',7,'','','','',NULL,'','',NULL),(71,'Bowling Green',15,NULL,'Bowling Green','Falcons','Bowling Green','OH',7,'http://bgsufalcons.cstv.com/','http://www.bgsu.edu/','/images/logos/bowling_green.png','Dave Clawson','2008-12-12','Brown and Orange','http://www.sentinel-tribune.com/',189),(72,'University of North Dakota',NULL,NULL,'UND','Fighting Sioux','Grand Forks','North Dakota',NULL,'http://www.fightingsioux.com/','','','',NULL,'','',NULL),(73,'Pittsburgh',NULL,NULL,'Pitt','','','',3,'','','','',NULL,'','',NULL),(74,'Minnesota',NULL,NULL,'','Golden Gophers','','',4,'','','','',NULL,'','',NULL),(75,'Eastern Michigan',NULL,NULL,'','','','',NULL,'','','','',NULL,'','',NULL),(76,'Akron',NULL,NULL,'','','','',NULL,'','','','',NULL,'','',NULL),(77,'Miami of Ohio',18,NULL,'Miami of Ohio','Red Hawks','Oxford','OH',7,'http://www.muredhawks.com/','http://www.muohio.edu','/images/logos/miamiredhawks.png','Mike Haywood','2008-12-24','Red and White','http://www.oxfordpress.com/',193),(78,'Kent State',NULL,NULL,'','','','',NULL,'','','','',NULL,'','',NULL),(80,'Buffalo',NULL,NULL,'','','','',NULL,'','','','',NULL,'','',NULL),(81,'Toledo',NULL,NULL,'','','','',NULL,'','','','',NULL,'','',NULL),(82,'Purdue',NULL,NULL,'Boilermakers','Boilermaker','West Lafayette','Indiana ',4,'','','','',NULL,'','',NULL),(83,'Mississippi State',NULL,NULL,'BullDogs','','','',11,'','','','',NULL,'','',NULL),(84,'Kansas',NULL,NULL,'Panthers','','','Kansas',2,'','','','',NULL,'','',NULL),(85,'Army',NULL,NULL,'Army','','','',8,'','','','',NULL,'','',NULL),(86,'Grambling State',NULL,NULL,'GSU','Tigers','','',28,'','','','',NULL,'','',NULL),(87,'Texas Tech',NULL,NULL,'TT','Red Raiders','','',2,'','','','',NULL,'','',NULL),(88,'Missouri',NULL,NULL,'UM','Tigers','','',2,'','','','',NULL,'','',NULL),(89,'Louisiana-Lafayette',NULL,NULL,'','','','',10,'','','','',NULL,'','',NULL),(90,'Rutgers',NULL,NULL,'','Scarlet Knights','','NJ',3,'','','','',NULL,'','',NULL),(91,'Wisconsin',NULL,NULL,'W','Badgers','','',4,'','','','',NULL,'','',NULL),(93,'Florida',NULL,NULL,'','','','',11,'','','','',NULL,'','',NULL),(94,'Western Michigan',NULL,NULL,'WMU','Broncos','','',7,'','','','',NULL,'','',NULL),(95,'Cincinnati',NULL,NULL,'Bear Cats','','','',3,'','','','',NULL,'','',NULL),(96,'UAB',NULL,NULL,'Blazers ','','','',5,'','','','',NULL,'','',NULL),(97,'Central Michigan',NULL,NULL,'','Chippewas','','',7,'','','','',NULL,'','',NULL),(98,'UCF',NULL,NULL,'','','','',5,'','','','',NULL,'','',NULL),(99,'Colorado',NULL,NULL,'CU','Buffaloes','Boulder','CO',2,'','','','Dan Hawkins',NULL,'','',38),(100,'Alcorn State',NULL,NULL,'','','','',28,'','','','',NULL,'','',NULL),(101,'Tulsa',17,NULL,'Tulsa','Golden Hurricane','Tulsa','OK',5,'http://tulsahurricane.cstv.com/','http://www.utulsa.edu','/images/logos/tulsa.png','Todd Graham','2007-01-12','Old Gold and Royal Blue and Crimson','http://www.tulsaworld.com/',202),(102,'Prairie View A&M',NULL,NULL,'','Panthers','','',28,'','','','',NULL,'','',NULL),(103,'Navy',NULL,NULL,'','','','',8,'','','','',NULL,'','',NULL),(104,'Notre Dame',NULL,NULL,'','','','',6,'','','','',NULL,'','',NULL),(105,'Tulane',NULL,NULL,'','','','',5,'','','','',NULL,'','',NULL),(106,'Sam Houston State',NULL,NULL,'','','','',27,'','','','',NULL,'','',NULL),(107,'SMU',NULL,NULL,'','','','',5,'','','','',NULL,'','',NULL),(108,'Houston',NULL,NULL,'','','','',5,'','','','',NULL,'','',NULL),(109,'Illinois',NULL,NULL,'','','','',4,'','','','',NULL,'','',NULL),(110,'Utah',NULL,NULL,'','','','',9,'','','','',NULL,'','',NULL),(111,'Southern Utah',NULL,NULL,'','','','',29,'','','','',NULL,'','',NULL),(112,'Ball State',NULL,NULL,'','Cardinals','','',7,'','','','',NULL,'','',NULL),(113,'Kentucky',NULL,NULL,'UK','Wildcats','Lexington','KY',11,'http://www.ukathletics.com/','http://www.uky.edu/','','',NULL,'','',NULL),(114,'Temple',NULL,NULL,'','Owl\'s','','',7,'','','','',NULL,'','',NULL),(115,'Montana',NULL,NULL,'','','','',14,'','','','',NULL,'','',NULL),(116,'Western Oregon',NULL,NULL,'','','','',NULL,'','','','',NULL,'','',NULL),(117,'Troy',NULL,NULL,'','','','',10,'','','','',NULL,'','',NULL),(118,'South Dakota',NULL,NULL,'','','','',17,'','','','',NULL,'','',NULL),(119,'Winston-Salem',NULL,NULL,'','','','',18,'','','','',NULL,'','',NULL),(120,'North Dakota',NULL,NULL,'','','','',17,'','','','',NULL,'','',NULL),(121,'Texas State',NULL,NULL,'','','','',27,'','','','',NULL,'','',NULL),(122,'Clemson',NULL,NULL,'','','','',1,'','','','',NULL,'','',NULL),(123,'Virginia Tech',NULL,NULL,'Va Tech','Hokies','','',1,'','','','',NULL,'','',NULL),(124,'Florida State',NULL,NULL,'FSU','Seminoles','','',1,'','','','',NULL,'','',NULL),(125,'Ole Miss',NULL,NULL,'','','','',11,'','','','',NULL,'','',NULL),(126,'Texas',NULL,NULL,'horns','Longhorns','','',2,'','','','',NULL,'','',NULL),(127,'Georgia',NULL,NULL,'','','','',11,'','','','',NULL,'','',NULL),(128,'Georgia Tech',NULL,NULL,'','Yellow Jackets','','',1,'','','','',NULL,'','',NULL),(129,'Michigan State',NULL,NULL,'','Spartans','','',4,'','','','',NULL,'','',NULL),(130,'Lamar',NULL,NULL,'','Cardinals','','',27,'','','','',NULL,'','',NULL),(131,'South Alabama',NULL,NULL,'','Jaguars','','',10,'','','','',NULL,'','',NULL);
/*!40000 ALTER TABLE `teams` ENABLE KEYS */;
UNLOCK TABLES;

--
-- Table structure for table `weeks`
--

DROP TABLE IF EXISTS `weeks`;
SET @saved_cs_client     = @@character_set_client;
SET character_set_client = utf8;
CREATE TABLE `weeks` (
  `id` int(11) NOT NULL auto_increment,
  `season_id` int(11) default NULL,
  `name` varchar(255) default NULL,
  `week_order` int(11) default NULL,
  PRIMARY KEY  (`id`)
) ENGINE=InnoDB AUTO_INCREMENT=94 DEFAULT CHARSET=latin1;
SET character_set_client = @saved_cs_client;

--
-- Dumping data for table `weeks`
--

LOCK TABLES `weeks` WRITE;
/*!40000 ALTER TABLE `weeks` DISABLE KEYS */;
INSERT INTO `weeks` VALUES (1,1,'Week 1',1),(2,1,'Week 2',2),(3,1,'Week 3',3),(4,1,'Week 4',4),(5,1,'Week 5',5),(6,1,'Week 6',6),(7,1,'Week 7',7),(8,1,'Week 8',8),(9,1,'Week 9',9),(10,1,'Week 10',10),(11,1,'Week 11',11),(12,1,'Week 12',12),(13,1,'Week 13',13),(14,1,'Week 14',14),(15,4,'Week 1',1),(16,4,'Week 2',2),(17,4,'Week 3',3),(18,4,'Week 4',4),(19,4,'Week 5',5),(20,4,'Week 6',6),(21,4,'Week 7',7),(22,4,'Week 8',8),(23,4,'Week 9',9),(24,4,'Week 10',10),(25,4,'Week 11',11),(26,4,'Week 12',12),(27,4,'Week 13',13),(28,4,'Week 14',14),(29,4,'Week 15',15),(30,5,'Week 1',1),(31,5,'Week 2',2),(32,5,'Week 3',3),(33,5,'Week 4',4),(34,5,'Week 5',5),(35,5,'Week 6',6),(36,5,'Week 7',7),(37,5,'Week 8',8),(38,5,'Week 9',9),(39,5,'Week 10',10),(40,5,'Week 11',11),(41,5,'Week 12',12),(42,5,'Week 13',13),(43,5,'Week 14',14),(44,5,'Week 15',15),(45,5,'Week 16',16),(46,5,'Week 17',17),(47,6,'Week 1',1),(48,6,'Week 2',2),(49,6,'Week 3',3),(50,6,'Week 4',4),(51,6,'Week 5',5),(52,6,'Week 6',6),(53,6,'Week 7',7),(54,6,'Week 8',8),(55,6,'Week 9',9),(56,6,'Week 10',10),(57,6,'Week 11',11),(58,6,'Week 12',12),(59,6,'Week 13',13),(60,6,'Week 14',14),(61,6,'Week 15',15),(62,6,'Week 16',16),(63,6,'Week 17',17),(64,7,'Week 0',0),(65,7,'Week 1',1),(66,7,'Week 2',2),(67,7,'Week 3',3),(68,7,'Week 4',4),(69,7,'Week 5',5),(70,7,'Week 6',6),(71,7,'Week 7',7),(72,7,'Week 8',8),(73,7,'Week 9',9),(74,7,'Week 10',10),(75,7,'Week 11',11),(76,7,'Week 12',12),(77,7,'Week 13',13),(78,7,'Week 14',14),(79,8,'Week 1',1),(80,8,'Week 2',2),(81,8,'Week 3',3),(82,8,'Week 4',4),(83,8,'Week 5',5),(84,8,'Week 6',6),(85,8,'Week 7',7),(86,8,'Week 8',8),(87,8,'Week 9',9),(88,8,'Week 10',10),(89,8,'Week 11',11),(90,8,'Week 12',12),(91,8,'Week 13',13),(92,8,'Week 14',14),(93,8,'Week 15',15);
/*!40000 ALTER TABLE `weeks` ENABLE KEYS */;
UNLOCK TABLES;
/*!40103 SET TIME_ZONE=@OLD_TIME_ZONE */;

/*!40101 SET SQL_MODE=@OLD_SQL_MODE */;
/*!40014 SET FOREIGN_KEY_CHECKS=@OLD_FOREIGN_KEY_CHECKS */;
/*!40014 SET UNIQUE_CHECKS=@OLD_UNIQUE_CHECKS */;
/*!40101 SET CHARACTER_SET_CLIENT=@OLD_CHARACTER_SET_CLIENT */;
/*!40101 SET CHARACTER_SET_RESULTS=@OLD_CHARACTER_SET_RESULTS */;
/*!40101 SET COLLATION_CONNECTION=@OLD_COLLATION_CONNECTION */;
/*!40111 SET SQL_NOTES=@OLD_SQL_NOTES */;

-- Dump completed on 2013-02-18  2:39:17
